"transect_unique_code","epifauna_per_g_plant_transect","amphipods_per_g_plant_transect","caprellids_per_g_plant_transect","gastropods_per_g_plant_transect","ampithoids_per_g_plant_transect","idoteids_per_g_plant_transect","Lacuna_vincta_per_g_plant_transect","Lacuna_spp_per_g_plant_transect","epifauna_per_g_plant_log_transect","amphipods_per_g_plant_log_transect","caprellids_per_g_plant_log_transect","gastropods_per_g_plant_log_transect","ampithoids_per_g_plant_log_transect","Ampithoe_lacertosa_per_g_plant_log_transect","idoteids_per_g_plant_log_transect","Lacuna_vincta_per_g_plant_log_transect","Lacuna_spp_per_g_plant_log_transect","region","site_code","transect","quadrat_meter","site_unique_code","shoot_density_mean_transect","seagrass_cover_mean_transect","flowering_shoots_mean_transect","longest_blade_length_mean_transect","longest_blade_width_mean_transect","epiphyte_mass_mean_transect","blade_area_mean_transect","disease_prevalence_transect","disease_severity_transect","disease_lesion_area_transect","disease_healthy_area_transect","disease_total_blade_area_transect","grazing_scars_pct_transect","broken_tip_pct_transect","CDiffMeanHeat"
"AK.A.L4",0.258385288992333,0,0.020921469947566,0.0533480366529957,0,0.100429902601507,0.0345152902735912,0.0345152902735912,-0.571325135046903,-2,-1.51073295894021,-1.21200037036566,-2,-2,-0.975219549530095,-1.55110241389239,-1.55110241389239,"AK","A","L4","m16","AK.A",900,1,1.75,232.2,2.2,0.17908,4.256,1,0.307452347878686,6.03022457005,11.34007322525,20.34997855255,1,1,16.6684747474747
"AK.A.L5",3.04854807647776,0.146104907677509,0.67734233246793,1.39341000002998,0.0349729082522285,0.204054701183173,1.11276568133536,1.11276568133536,0.455251593744871,-0.834474854090949,-0.189363365749272,0.134329388548676,-1.39307595969667,-1.39307595969667,-0.682101846673586,0.0264283216848709,0.0264283216848709,"AK","A","L5","m16","AK.A",542,0.9825,0.75,752.2,5.4,0.00860000000000001,27.878,0.7,0.0147100431382953,0.50444156832,26.9727056449,29.24446766394,0,1,16.6684747474747
"AK.A.L6",4.03496556898152,0.0113662195953626,0.862105175121842,2.50265535540631,0,0.135269997528176,2.11548116922084,2.11548116922084,0.602409451925854,-1.74251081513394,-0.0666222287034824,0.391280431680762,-2,-2,-0.837837085754952,0.318240842020675,0.318240842020675,"AK","A","L6","m16","AK.A",545,0.985,2,464.8,2.4,0.0044,10.37,0.8,0.196903352989555,2.39704868926,9.279677567,12.1699859871,0.5,0,16.6684747474747
"AK.A.U1",11.7381616859083,0.0903800823434706,0.0680974494275652,4.76140469856741,0,0.271765022370336,3.27950496999901,3.27950496999901,1.01506032222215,-0.998386103599836,-1.12803168363796,0.636107484991222,-2,-2,-0.556764417330581,0.47673612400003,0.47673612400003,"AK","A","U1","m16","AK.A",520,0.4875,0,192.6,2.2,0.0044,3.64,0.45,0.0283303248139517,0.12453443072,2.53654767422,3.60980196645,0.5,1,16.6684747474747
"AK.A.U2",9.75757928610721,0.0848596318202337,0.11060363346785,3.6133645178479,0,0.209129683755546,1.83258453535115,1.98704854523684,0.792729109287569,-1.05160784938558,-0.919509934840306,0.292424613297855,-2,-2,-0.717375965971435,-0.71736133852335,0.0344849996455296,"AK","A","U2","m16","AK.A",733,0.55,1,229.8,2.2,0.00199999999999998,5.226,0.4,0.011897377531518,0.06467621376,3.86477860515,5.896,0.5,0.5,16.6684747474747
"AK.A.U3",6.51012151884263,0.0734106592277199,0.656436450790489,3.91788643360029,0,0.360664072750115,3.15665834679195,3.15665834679195,0.628709687487472,-1.4022974495942,-0.256951767052045,0.335760854895582,-2,-2,-0.438237538995059,-0.599527533335705,-0.599527533335705,"AK","A","U3","m16","AK.A",753,0.8475,1.25,241.8,1.68,0.000800000000000022,3.5614,0.4,0.0430239176908282,0.24219692383,2.7775293123,3.82249012703,0,0.5,16.6684747474747
"AK.B.L4",0.455753474000977,0.0753996179752689,0.0251332059917563,0.177610325016976,0,0,0.102210707041707,0.102210707041707,-0.510071785161546,-1.39685800958251,-1.60996233194272,-0.851398073758195,-2,-2,-2,-0.995053742939557,-0.995053742939557,"AK","B","L4","m16","AK.B",295,0.78,0,511,4.6,0.0044,23.14,0.2,0.00516029270373649,0.08455674272,18.25121727377,19.81057464885,0,0.5,12.9115252525252
"AK.B.L5",0.339065815867354,0.0479777383294152,0,0.0672373970482627,0,0,0.0432485278835551,0.0432485278835551,-0.485964436407058,-1.48743829521402,-2,-1.1444809538893,-2,-2,-2,-1.27541202376093,-1.27541202376093,"AK","B","L5","m16","AK.B",240,0.6375,0,723.2,5.6,0.003,36.202,0.05,0.00088003146782357,0.0121708352,26.76891516515,30.78577441965,0,0.5,12.9115252525252
"AK.B.L6",1.32717101628488,0.898263944788579,0,0.221975582685905,0,0.0202249008979856,0.166481687014428,0.166481687014428,-0.0537110871413109,-0.201603758748765,-2,-1.17149543232727,-2,-2,-1.64857026782637,-1.23237612847202,-1.23237612847202,"AK","B","L6","m16","AK.B",240,0.68,0,713.2,4.5,0.0052,34.094,0.1,0.000457726716269279,0.01530522976,31.27442262505,33.40202820401,0.5,0,12.9115252525252
"AK.B.U1",2.04503508076271,0.455797431132039,0.0582748888843253,0.752585845364993,0,0.0370452693191079,0.593576828465907,0.593576828465907,0.300945954086563,-0.331929710013509,-1.17771543918527,-0.11776221048693,-2,-2,-1.53762643282855,-0.219267874509285,-0.219267874509285,"AK","B","U1","m16","AK.B",139,0.25,0,539.6,5.1,0.0034,28.778,0.65,0.0190055602551226,0.5810450208,24.91136795965,27.32850384865,1,1,12.9115252525252
"AK.B.U2",1.35128925211624,0.487688268934142,0,0.299731911810166,0,0,0.190506644982928,0.190506644982928,0.110320064703583,-0.334572627901845,-2,-0.56475166759247,-2,-2,-2,-0.745439274106564,-0.745439274106564,"AK","B","U2","m16","AK.B",148,0.4875,0,701.4,5.2,0.0036,34.56,0.4,0.00639525239783705,0.22772945025,26.77773857225,30.019125663,0.5,0,12.9115252525252
"AK.B.U3",0.888479190276001,0.256136556268624,0,0.111367543271584,0,0.01608544588856,0.111367543271584,0.111367543271584,-0.169789080277766,-0.854320441864176,-2,-1.04677636612949,-2,-2,-1.68749360748655,-1.04677636612949,-1.04677636612949,"AK","B","U3","m16","AK.B",227,0.7225,0.5,696.2,5.6,0.0124,37.602,0.35,0.0130119846968511,0.48259878432,28.83545196985,33.26353446992,0.5,0,12.9115252525252
"AK.C.L4",0.667523926249948,0.322673361204126,0,0.0917569422218795,0,0.0347898691900918,0.0917569422218795,0.0917569422218795,-0.173652822678996,-0.496374619819656,-2,-1.00300325710707,-2,-2,-1.54959874646909,-1.00300325710707,-1.00300325710707,"AK","C","L4","m16","AK.C",185,0.9125,0.25,503.8,4.2,0.003,21.516,0.48,0.0251505036715736,0.331331482624,20.63527606876,22.450187298392,0,1,12.8139696969697
"AK.C.L5",2.46858190503393,0.560953266489265,0.476863121854216,0.392772977219167,0,0.224416536821267,0.0981932443047918,0.0981932443047918,0.21678551404996,-0.27990313601488,-0.424237534379091,-1.04966736421074,-2,-2,-0.787500235746048,-1.34265936891576,-1.34265936891576,"AK","C","L5","m16","AK.C",270,0.93,0.25,686.2,4.6,0.003,33.012,0.45,0.0100023061436454,0.2631345357,24.3495248141,25.4251383158,0,1,12.8139696969697
"AK.C.L6",0.217857020536285,0.0105589930944185,0,0.0632551849078662,0,0.0351637190951801,0.0246047260007616,0.0246047260007616,-0.680203656625637,-1.75349425814475,-2,-1.15381827559444,-2,-2,-1.350601315605,-1.46308041552506,-1.46308041552506,"AK","C","L6","m16","AK.C",278,0.96,1,615.6,4.6,0.0028,27.592,0.3,0.00733467536170167,0.2800937046,26.6222278373,32.982391395,0.5,0.5,12.8139696969697
"AK.C.U1",3.30493906076371,0.618992326739172,0,0.997900143730912,0,0.0960338038989725,0.309496163369586,0.309496163369586,0.42701311477601,-0.23395835231442,-2,-0.14534446794967,-2,-2,-1.3472516499769,-0.527048342206582,-0.527048342206582,"AK","C","U1","m16","AK.C",421,0.65,1.25,351,4.2,0.0016,9.738,0.45,0.0472034817700016,1.06488515855,18.8614956704,24.2799587361,0,0,12.8139696969697
"AK.C.U2",2.81957464553359,0.0243557893711335,0,1.41270716233881,0.0457917391702537,0,0.393609542305176,0.393609542305176,0.313280631553702,-1.61563812068805,-2,0.0493525715568046,-1.49658846024364,-2,-2,-0.496431605384116,-0.496431605384116,"AK","C","U2","m16","AK.C",396,0.5625,0.25,383,3.4,0.00139999999999999,11.612,0.7,0.0429655282837035,0.62323395367,14.4187776747,15.42738130872,1,0,12.8139696969697
"AK.C.U3",1.08088482632113,0.254483234041545,0,0.13544506246786,0,0,0.0957656719432986,0.0957656719432986,-0.324068512927833,-0.840821859461182,-2,-0.986915528675049,-2,-2,-2,-1.07062805868445,-1.07062805868445,"AK","C","U3","m16","AK.C",508,0.95,0.5,581.8,4.2,0.0038,20.534,0.45,0.0252588899516215,0.51940702143,26.4724573499,27.56658065986,0,1,12.8139696969697
"AK.D.L4",3.99181652062333,0.176140084240261,0.120272605309332,2.84226926391311,0.00637730699080392,0.0294620234517707,2.26309472631148,2.26309472631148,0.508271065876044,-0.839838233740297,-0.930395023701093,0.268449197371174,-1.82146526382038,-1.82146526382038,-1.58081461534881,-0.0572186618200036,-0.0572186618200036,"AK","D","L4","m16","AK.D",156,0.35,0.5,418.6,4.4,0.0122,18.325,0.7,0.119817631945357,2.71073623611,15.5813764822667,20.8407593746,1,0,18.0731414141414
"AK.D.L5",2.73288634883923,0.317130356508242,0.132239057786317,1.73744268275806,0,0.0942710157028578,0.898738828589119,0.898738828589119,0.438073091756822,-0.496913971416157,-0.853521459202635,0.242390350996385,-2,-2,-1.35107376944982,-0.0521705485475977,-0.0521705485475977,"AK","D","L5","m16","AK.D",109,0.47,0,524.4,5,0.0015,24.949,0.55,0.0292368232718248,0.60951434815,20.9071263254,22.92024688565,0.5,0,18.0731414141414
"AK.D.L6",5.48381945246171,1.00242355735082,0.306466162047022,3.0825108956408,0.155171076111413,0.207155358644925,1.82094769711154,1.82094769711154,0.727476500610961,-0.131393820484126,-0.499705295832246,0.487231024182551,-1.24719295546782,-1.24719295546782,-0.666268734675765,0.250413164756238,0.250413164756238,"AK","D","L6","m16","AK.D",178,0.7625,0,579,5.4,0.0018,30.993,0.75,0.00652634474814086,0.170635514,24.49572494975,28.16739662825,0,0,18.0731414141414
"AK.D.U1",8.6553832057682,0.463094752368705,1.45806294922449,5.25847013073649,0.0858074480864939,0.171614896172988,3.77420037931392,3.77420037931392,0.932857890524012,-0.428714331091648,0.147420958475407,0.714964851349008,-1.37042426661778,-1.37042426661778,-1.22597133699542,0.577974098193202,0.577974098193202,"AK","D","U1","m16","AK.D",96,0.095,0,353.9,5,0.001,12.346,0.95,0.124168589226692,1.89005340287,9.9766682205,15.5335,0.5,1,18.0731414141414
"AK.D.U2",6.9541292208295,1.0283900348402,0.135622236803027,4.76823451819823,0.0105159105726965,0.218122620421559,4.21577196073444,4.21577196073444,0.764089211067239,-0.113277728679737,-0.846489223652358,0.357515555673927,-1.75409636824745,-1.75409636824745,-0.939792887066056,0.129257454021406,0.129257454021406,"AK","D","U2","m16","AK.D",153,0.3,0,455,5.4,0.029,24.287,0.95,0.137754285892174,3.38646927608,17.48252206435,22.9882481515,1,0.5,18.0731414141414
"AK.D.U3",5.37302799305824,0.00850890030972397,0.810829689010206,3.81291824487504,0.0340356012388959,0.170674838111765,3.19176852226519,3.19176852226519,0.686839387872198,-1.7841750037805,-0.416250009404705,0.510797817264088,-1.55375456572019,-2,-0.927353366641374,0.255517638589757,0.255517638589757,"AK","D","U3","m16","AK.D",116,0.325,0,554,4.4,0.00459999999999999,26.738,1,0.0897702899559291,2.17032508555,17.7348403772,23.4685,1,1,18.0731414141414
"AK.E.L4",6.94991121391793,0.177597596446906,3.0943163287061,1.78080339389859,0.0496919101570264,0.0876472796912389,1.32622438069073,1.32622438069073,0.760658380042112,-0.727656813342258,0.106344386159076,0.248531884534648,-1.48052345631385,-2,-1.09146094621001,0.112009353459393,0.112009353459393,"AK","E","L4","m16","AK.E",308,0.7125,0.25,458.8,3.9,0.002,17.96,0.8,0.196358247517644,4.21248696192,13.54269776655,18.89570854728,0.5,0,15.0662121212121
"AK.E.L5",4.90588584901727,0.108530497069677,0.635513772237018,2.35883193013693,0,0.180051023460751,0.767884444770386,0.767884444770386,0.628170352343339,-1.32192873250481,-0.190222474380108,0.253538962683459,-2,-2,-0.729524760216095,-0.112729775518954,-0.112729775518954,"AK","E","L5","m16","AK.E",465,0.6125,0,359.2,3.7,0.0016,12.258,0.684210526315789,0.076402373339768,1.15164505602105,10.7801703821579,12.6646635392947,0.5,0,15.0662121212121
"AK.E.L6",7.01382174461541,0.663646325404938,1.15647761908708,3.50691087230771,0.0244021473889702,0.401760637955008,1.61358048564877,1.61358048564877,0.687500316757424,-0.31504574106391,-0.43688583353058,0.387753780436338,-1.61529547701086,-2,-0.673545109940404,0.0992427218321454,0.0992427218321454,"AK","E","L6","m16","AK.E",631,0.51,0,387.8,4,0.0012,14.273,0.6,0.154301773258954,1.354649913,6.77011127486667,9.75721006454,0,0,15.0662121212121
"AK.E.U1",15.4783013700219,0.202101859337106,0.535402878999586,6.95558835947029,0,0.0437330534417913,3.52450581826381,3.72660767760092,1.1554002195949,-1.19139300318912,-0.32591300339372,0.832181270052768,-2,-2,-1.50557319036844,0.54810534778959,0.570924557180431,"AK","E","U1","m16","AK.E",514,0.5625,0,249.2,3.2,0.02,6.399,0.45,0.0559877956415896,0.38509547298,6.61405342235,7.2955119213,0,0,15.0662121212121
"AK.E.U2",32.3893196819327,0.560512621120945,0.258531402912171,8.45394019464717,0,0.123213405618531,5.07875987624639,5.07875987624639,1.40164505293658,-0.419774464435304,-0.571446597505818,0.905430844390393,-2,-2,-1.29551828410945,0.705625298578456,0.705625298578456,"AK","E","U2","m16","AK.E",493,0.425,0,244.2,2.5,6e-04,4.458,0.75,0.0996181062680056,0.708856768,5.9279455096,7.4496786016,0.5,0.5,15.0662121212121
"AK.E.U3",18.0639370481909,0.169228038711432,0.627803397928796,9.26396555453347,0,0.152858453072455,7.16221856511872,7.16221856511872,1.25086030031656,-0.748413059497608,-0.337604490361098,0.963067413178836,-2,-2,-1.25035108084854,0.854675872948967,0.854675872948967,"AK","E","U3","m16","AK.E",502,0.475,0,263.8,3,0.001,8.158,0.65,0.109742550902504,0.9349772231,5.48895229315,7.6979240221,0.5,0,15.0662121212121
"AK.F.L4",10.410590928226,0.0577222735982214,0.0159555796662093,9.0752395018663,0,0.0129055571329014,1.30346127042304,8.22818284555787,0.902348672988152,-1.17103745901074,-1.68883516284592,0.821602531495032,-2,-2,-1.72299108283444,-0.791104565997785,0.779768324694821,"AK","F","L4","m16","AK.F",162,0.725,0.5,398.2,3.5,0.0034,14.367,0.4,0.0472157876013285,0.69466435165,10.99388127845,12.2449820883,0,0,12.5891515151515
"AK.F.L5",3.03929677576992,0.00960430272762197,0.00743317575000743,2.23507541957693,0,0,1.6374749320931,1.6374749320931,0.452185614357175,-1.76724458881124,-1.80219396582199,0.328765567006163,-2,-2,-2,0.208371547117081,0.208371547117081,"AK","F","L5","m16","AK.F",162,0.55,0.5,221,2.9,8e-04,5.429,0.6,0.153613260988987,1.2829004125,5.08470528222,6.64267470592,0,0,12.5891515151515
"AK.F.L6",7.53604193971166,0.140423141733758,0.327653997378768,5.61692566935031,0.0468077139112526,0.0468077139112526,1.21700056169257,3.97865568245647,0.87771921461196,-0.822685344900357,-0.471528104438498,0.750271178241924,-1.24559268749981,-2,-1.24559268749981,0.0888447615370503,0.600826547800627,"AK","F","L6","m16","AK.F",151,0.6125,0.25,293.8,3.4,0.0012,9.008,0.5,0.0489056333692503,0.33519235201,7.6852981575,8.40423994967,0.5,0,12.5891515151515
"AK.F.U1",13.6424742758385,0.033914400054263,0,9.89187820006518,0.033914400054263,0,8.79939103754663,8.79939103754663,1.10981581794069,-1.55442983252239,-2,0.967258182782563,-1.55442983252239,-1.55442983252239,-2,0.906574075204291,0.906574075204291,"AK","F","U1","m16","AK.F",251,0.3125,1.25,301.6,3.7,8e-04,10.025,0.4,0.0757974737996263,0.9459669299,9.8614686595,11.99751444815,0,0,12.5891515151515
"AK.F.U2",15.0452095973308,0,0,7.55885558065468,0,0,6.33440468950781,6.33440468950781,1.17579136528497,-2,-2,0.850117193868699,-2,-2,-2,0.761858783150671,0.761858783150671,"AK","F","U2","m16","AK.F",279,0.4375,0.75,268.6,3.1,8e-04,8.985,0.75,0.14435051453661,1.00116715075,5.11499098176471,7.18726339077,1,0,12.5891515151515
"AK.F.U3",3.65451764345013,0.0204482250940618,0,2.11766831363472,0.0204482250940618,0,0.731850117096019,1.79515782198723,0.511188656862125,-1.64665625340402,-2,0.317564244087952,-1.64665625340402,-1.64665625340402,-2,-0.915795423732383,0.24906775442016,"AK","F","U3","m16","AK.F",223,0.3375,0.5,211.2,3,0.000399999999999989,5.97,1,0.274783726525655,1.78439275553,4.3342699213,6.795907968,0.5,0.5,12.5891515151515
"BB.A.L4",0.622544184467118,0.109147357016962,0.0282974629303236,0.0121274841129958,0.00808498940866387,0.400206975728862,0,0.0121274841129958,-0.198909132760773,-0.923915586936323,-1.41682999553154,-1.65506796239253,-1.74268174124354,-1.74268174124354,-0.386996958558602,-2,-1.65506796239253,"BB","A","L4","m16","BB.A",456,0.9625,0,1491,7,0.0274,105.822,0.85,0.0125399174625697,1.1310013779,19.90708277375,92.2725,0,0,11.1916161069003
"BB.A.L5",0.378971448803124,0.0438711376899728,0.0393780115390441,0.00449312615092877,0.00449312615092877,0.218817359819434,0,0.00449312615092877,-0.428236051117858,-1.29661939919068,-1.32843789920694,-1.85303419490044,-1.85303419490044,-1.85303419490044,-0.654347367430057,-2,-1.85303419490044,"BB","A","L5","m16","BB.A",612,0.925,0.5,1164.4,7.4,0.0286,84.56,0.7,0.0146766998178474,1.65185379843,19.7665833357,91.0135,0.5,0.5,11.1916161069003
"BB.A.L6",0.328849201922122,0.0879988791201184,0.0708641319870394,0.0289151546166046,0.054264532067413,0.0746854180790866,0,0.0143724076662186,-0.472740933141588,-1.10013206253432,-1.18460033742378,-1.41508348372275,-1.39992933800198,-1.39992933800198,-1.17205111733755,-2,-1.64165577926037,"BB","A","L6","m16","BB.A",516,0.975,1,1641,7.6,0.0452,102.504,0.65,0.0194462927953739,2.01514873457,25.7697084725,94.1755,1,1,11.1916161069003
"BB.A.U1",0.50444907602343,0.098945539758675,0,0,0.0453580564979952,0.351073868467161,0,0,-0.288832143309081,-1.05593696067918,-2,-2,-1.49845052179644,-1.49845052179644,-0.474248682811219,-2,-2,"BB","A","U1","m16","BB.A",708,0.9875,2,747.6,6.8,0.0102,48.832,0.777777777777778,0.0241598618265191,0.948664968188889,10.1533529725556,37.89,0,1,11.1916161069003
"BB.A.U2",0.666117668115958,0.274192886536971,0.044325631481875,0.029609144601623,0.251941985375474,0.199553427088997,0,0.029609144601623,-0.222322808317532,-0.731721371500302,-1.26499750030716,-1.43530119707871,-0.751983436672337,-0.751983436672337,-0.681326795930651,-2,-1.43530119707871,"BB","A","U2","m16","BB.A",820,0.9625,2,450,5,0.0118,17.78,0.75,0.036206992618018,0.97069781538,11.3128803075,26.09407964216,0.5,0.5,11.1916161069003
"BB.A.U3",0.976814118782697,0.10082677959266,0.0573507000412058,0.0504133897963299,0.025206694898165,0.660459159514966,0,0.0504133897963299,-0.0321732803624684,-1.33718721199672,-1.1739740344303,-1.47767764316086,-1.60943339765804,-1.60943339765804,-0.184199906862617,-2,-1.47767764316086,"BB","A","U3","m16","BB.A",964,1,1.5,404.6,5.6,0.012,17.76,0.8,0.0241381318144576,0.48422126271,9.9020000571,17.72794365862,0.5,0.5,11.1916161069003
"BB.B.L4",0.681956161574072,0.0166498318366985,0.573909367135286,0.0244219039873361,0.00554994394556615,0.0181312506400794,0,0.0118405972928228,-0.190050639169408,-1.68175773849024,-0.266481131818968,-1.49840088884921,-1.83785992610452,-1.83785992610452,-1.56481935328114,-2,-1.6609853914598,"BB","B","L4","m16","BB.B",397.222222222223,0.9,0.5,892,7.8,0.01315,74.036,0.8,0.0164950165504646,1.19375398845,19.8557288608,72.1775,NA,0.5,10.9086868074206
"BB.B.L5",2.00258755135308,0.0403189140448433,1.81762943026174,0,0,0.0109115509678546,0,0,0.303559560463611,-1.36068596359101,0.26131779401957,-2,-2,-2,-1.74862874503009,-2,-2,"BB","B","L5","m16","BB.B",309.722222222222,0.8575,0,1302.6,9,0.02189,83.774,0.8,0.014423335952938,1.17858359074,19.55317574065,89.461,NA,0,10.9086868074206
"BB.B.L6",1.12959017936967,0.0184217701110464,1.03539012366977,0.00368435402220929,0,0.0148085669841422,0,0.00368435402220929,0.0540157039312172,-1.66467514517708,0.0151315912847797,-1.88011624247615,-2,-2,-1.6258619818938,-2,-1.88011624247615,"BB","B","L6","m16","BB.B",233.333333333333,0.775,0.75,840.8,7.6,0.0123125,44.855,0.7,0.0249442575363921,1.52059664417,16.60706597755,59.89248069985,NA,0.5,10.9086868074206
"BB.B.U1",1.01904684216425,0.0146190015980817,0.810980998594238,0,0.0061875827589194,0.0247503310356776,0,0,-0.0289892221703399,-1.61054092776872,-0.141011049413439,-2,-1.82511687167713,-1.82511687167713,-1.6127391008976,-2,-2,"BB","B","U1","m16","BB.B",262.5,0.9375,1.5,758.8,8.4,0.00403,41.36,0.8,0.0771132084341608,3.52442758046,12.04233850625,51.2779007358,NA,0,10.9086868074206
"BB.B.U2",0.377393223735112,0.00552687720384229,0.216330997886768,0.0110537544076846,0.00552687720384229,0.0327639486739178,0,0.0110537544076846,-0.423049790006538,-1.83833522371105,-0.66779534126513,-1.7466966947675,-1.83833522371105,-1.83833522371105,-1.43364243484222,-2,-1.7466966947675,"BB","B","U2","m16","BB.B",198.611111111111,0.6125,1.25,1118,7.8,0.0167,46.788,0.85,0.0549442565002642,3.03691911396,16.09683741985,59.786,NA,1,10.9086868074206
"BB.B.U3",1.29581000240871,0.0152217554255336,1.10955590960174,0.0198234364281711,0,0.0154937948359021,0,0.0111641532436331,-0.0376186105097547,-1.64181325320041,-0.168625640236621,-1.52697957032326,-2,-2,-1.60976104468493,-2,-1.74520852261688,"BB","B","U3","m16","BB.B",256.25,0.7125,0.5,973.2,6,0.00873333333333333,62.494,0.7,0.0676122024475773,3.48896227026,20.3122924844,67.593,NA,0,10.9086868074206
"BB.C.L4",4.04936094042148,3.67594639016733,0,0.0468330280557807,0.68785638030085,0,0,0,0.606604096692114,0.565077659657682,-2,-1.25757324139596,-0.156731454848515,-2,-2,-2,-2,"BB","C","L4","m16","BB.C",188,0.6875,1,362,5.4,0.01014,19.495,0.85,0.0271688162358312,0.38682312034,9.5691600745,20.89787078815,0,0,15.341717103515
"BB.C.L5",10.5727128284532,8.76386116100613,0,0.26997764523857,0.703594212448835,0,0,0,1.00075280603898,0.92245940453176,-2,-0.561574435936296,-0.234495842752624,-2,-2,-2,-2,"BB","C","L5","m16","BB.C",236,0.525,0.25,361,6.4,0.02134,22.5,0.5,0.0108033519207619,0.30546818815,10.0078701431,23.095,0,0,15.341717103515
"BB.C.L6",6.43883608854105,5.44456195164648,0,0.301451965881464,0.530475625929037,0.0117387425458985,0,0,0.808719483601123,0.735607076357716,-2,-0.525611475518402,-0.28581939402313,-2,-1.73762358734325,-2,-2,"BB","C","L6","m16","BB.C",132,0.325,0.5,465.8,7.4,0.0286,34.482,0.45,0.0155888249524504,0.558946056,15.14682103635,30.075,0,0,15.341717103515
"BB.C.U1",3.39046635293366,2.89900353612649,0,0.158462266794295,1.13897572580203,0,0,0,0.530172929742671,0.463638252491695,-2,-0.961912038989934,0.0603000741691619,-2,-2,-2,-2,"BB","C","U1","m16","BB.C",240,0.6,0.75,330.6,4.8,0.0164,15.962,0.65,0.0263496962666708,0.30153109376,6.4002026797,16.0323869888,0,0,15.341717103515
"BB.C.U2",6.3401806651197,5.74369282508625,0,0.0434932003406438,1.7082583816021,0,0,0,0.796763569267753,0.75628097201312,-2,-1.34833767142472,0.232629860008267,-2,-2,-2,-2,"BB","C","U2","m16","BB.C",436,0.7375,1.25,282.2,4.2,0.01732,12.477,0.5,0.0300508443216997,0.29005599168,7.47710316675,12.0194860813,0.5,0,15.341717103515
"BB.C.U3",6.47048464770968,5.92873518932594,0,0.0889000306023236,1.64999241952215,0,0,0,0.804075506062248,0.764361765878508,-2,-1.0144627700271,0.19576212274327,-2,-2,-2,-2,"BB","C","U3","m16","BB.C",308,0.8075,1,378.2,6.1,0.0254,21.702,0.65,0.0130121911067967,0.2092008368,10.2874164306,18.34369800184,0.5,0.5,15.341717103515
"BB.D.L4",1.37622570289896,0.279125577078547,0.038652639272487,0.114965654456782,0.00351387629749882,0.286993867319151,0,0.0105416288924965,0.0775819363425492,-0.573174328691775,-1.5294797488594,-1.01706810090754,-1.88442133426882,-1.88442133426882,-0.610412105919979,-2,-1.75373673489857,"BB","D","L4","m16","BB.D",228,0.625,0,1180.6,8.8,0.04036,102.262,0.95,0.0716630607236052,7.208363215,20.1543287068,96.8885,1,0.5,11.722828383783
"BB.D.L5",0.933477558249133,0.187104947905266,0.474545707882732,0.0140776649464254,0,0.04274492459391,0,0.0046072333563695,-0.0378628905690818,-0.744513044095191,-0.565032661396204,-1.62559583803078,-2,-2,-1.2805414540902,-2,-1.85818583232187,"BB","D","L5","m16","BB.D",180,0.5625,0.25,1270.2,8.8,0.10284,110.662,0.9,0.0492363183313229,4.7140934627,25.7624059699,102.2445,0.5,0.5,11.722828383783
"BB.D.L6",1.26273423489853,0.337702890804521,0.476647529085313,0.0256117551345576,0,0.0821000965537355,0,0,0.092618098592346,-0.497734111579921,-0.399955720640683,-1.46689337712172,-2,-2,-1.03859695859588,-2,-2,"BB","D","L6","m16","BB.D",168,0.4,0.25,1392.4,8.6,0.10738,120.428,0.9,0.0511143842613531,5.30093086679,25.9466718755,93.7485,0.5,0,11.722828383783
"BB.D.U1",3.44314914171304,0.96878100610838,0.929668022146448,0.0580156486154848,0,0.504214747602542,0,0.0275507392781706,0.504252969942517,-0.166590077375032,-0.0406484339614135,-1.22906528855904,-2,-2,-0.434021011952198,-2,-1.59320457390662,"BB","D","U1","m16","BB.D",240,0.7125,0.75,997.6,8.9,0.05266,77.079,1,0.0668070123272013,4.49577079223,20.28896385215,63.11825,0.5,0.5,11.722828383783
"BB.D.U2",2.39684322099306,0.837119820570497,0.759673075825317,0.0693783509599187,0.0486266744923019,0.329774615155256,0,0.0525879953401867,0.371556606361501,-0.0777864486338689,-0.18160255949914,-1.19994383403404,-1.24669973344368,-1.24669973344368,-0.486372354069327,-2,-1.26630175055908,"BB","D","U2","m16","BB.D",184,0.525,0.5,744.6,7.8,0.03332,56.655,0.9,0.0727024672884379,4.93944537526,18.39891044935,59.02125,0.5,1,11.722828383783
"BB.D.U3",1.56010477230641,0.175426434939103,0.969194990713439,0.0643668193951785,0,0.127942666648921,0,0.0335024448295126,0.188014743480751,-0.753578168108104,-0.0521729549332663,-1.14500549602358,-2,-2,-0.906539406155379,-2,-1.3614943116335,"BB","D","U3","m16","BB.D",260,0.825,0.5,884.4,7.6,0.0259,52.706,0.894736842105263,0.117015285326651,7.07296312321053,19.7899057702632,61.5768421052632,0,1,11.722828383783
"BB.E.L4",1.3795078775887,1.30138682644399,0,0.0505948508897466,1.04889135424083,0,0,0,0.0822709876271563,0.0351406106508039,-2,-1.47696771729177,-0.0500258482716975,-2,-2,-2,-2,"BB","E","L4","m16","BB.E",248,0.7,0,402,6.7,0.01894,25.579,0.05,4.3498040464345e-05,0.00131146592,14.190521481,25.749555632,0.5,0,20.8560606198359
"BB.E.L5",1.13186322058422,1.0492415696734,0,0.0291504051912899,0.473910355874764,0,0,0,-0.0510628643252753,-0.078913915095049,-2,-1.46911465439612,-0.518579706082402,-2,-2,-2,-2,"BB","E","L5","m16","BB.E",180,0.675,0,419.6,7.6,0.0184,30.528,0,0,0,5.81247718245,26.767,0,0,20.8560606198359
"BB.E.L6",0.730061246240219,0.645430237438594,0,0.0634732566012187,0.227286528575893,0,0,0,-0.193245238228609,-0.229165240224725,-2,-1.43172451042432,-0.643866060681796,-2,-2,-2,-2,"BB","E","L6","m16","BB.E",296,0.7,0,401.6,5.6,0.01528,21.732,0.1,0.0134792030617112,0.26402712353,8.76282606215,25.118,0.5,0,20.8560606198359
"BB.E.U1",1.91709277242763,1.71582704751632,0.0101578530361823,0.0693836585606296,1.33860521872433,0,0,0,0.155068668490672,0.0902440189845764,-1.75916615615619,-1.22522836294774,-0.0532916674036075,-2,-2,-2,-2,"BB","E","U1","m16","BB.E",260,0.6875,0,414.8,6.6,0.0068116884453384,20.706,0,0,0,4.67374993075,21.6655,0,0.5,20.8560606198359
"BB.E.U2",1.60142219349245,1.37746565038618,0,0.023697805583203,0.791167203843733,0,0,0,0.182211371419359,0.0950408463728791,-2,-1.62056065762579,-0.156301954102412,-2,-2,-2,-2,"BB","E","U2","m16","BB.E",236,0.6375,0,365.2,6.8,0.01746,23.916,0.4,0.00434455441754259,0.09371003776,12.8729791331,22.2965,0,0,20.8560606198359
"BB.E.U3",3.10977007662946,2.88791366979693,0.00392557117060532,0.139150950666654,1.76266088936872,0,0,0,0.278942551035989,0.233441155809794,-1.87416699351231,-0.909685458932885,-0.0590209178618425,-2,-2,-2,-2,"BB","E","U3","m16","BB.E",192,0.7375,0,322,7,0.0184,22.006,0.1,0.00128503475890408,0.04608467872,13.21421555315,24.80025,0.5,0,20.8560606198359
"BB.F.L4",1.69752113220975,0.0746524065869404,0.105150296267858,0,0,0.0254001799656052,0,0,0.200750767678517,-1.08285769412359,-1.0306350502847,-2,-2,-2,-1.47801308217955,-2,-2,"BB","F","L4","m16","BB.F",252,0.8125,0,607.8,7,0.01818,42.426,1,0.107267815714422,4.57148345461,13.46529610815,42.9805,0,0,NA
"BB.F.L5",1.31552921334816,0.132199978111769,0.234920069924257,0.0250850049150118,0.0387566662953027,0.0729358197460301,0,0.0182491742248663,0.12175819988022,-0.888436348413296,-0.745782145351319,-1.47916686631768,-1.31243235816693,-2,-1.12782765253544,-2,-1.66628123615616,"BB","F","L5","m16","BB.F",304,0.9375,0,577.8,7.6,0.01322,36.098,0.85,0.15948840147997,4.41192686121,11.92855557885,33.1275,0,1,NA
"BB.F.L6",2.08441934020637,0.405356151055325,0.272001956700502,0,0.0585171131388505,0.0464607859783566,0,0,0.209505061607104,-0.381650115604379,-0.561818912675477,-2,-1.16915641886882,-2,-1.28525456184837,-2,-2,"BB","F","L6","m16","BB.F",184,0.9825,0.75,560.6,6.4,0.01626,34.75,0.8,0.0276841659386892,0.87703092383,11.1523511262,27.158,1,0,NA
"BB.F.U1",3.91195016954325,1.19008476372484,0.519800388564999,0.0201824493420522,0.286454831165893,0.146946452712632,0,0.0201824493420522,0.397508289252333,-0.0811340498844733,-0.646939677009392,-1.64893601767755,-0.570546039641276,-2,-1.25863971934243,-2,-1.64893601767755,"BB","F","U1","m16","BB.F",452,0.875,0,331.6,5.2,0.01608,16.234,0.95,0.0370405742548233,0.5401423853,7.7301603581,15.5725,0.5,0,NA
"BB.F.U2",3.51024040592293,2.3136442151437,0.271138504721752,0,2.00903510915145,0.0858516483516484,0,0,0.493378611927868,0.30870870013827,-0.565924210229295,-2,0.19946218613988,-2,-1.37031859653569,-2,-2,"BB","F","U2","m16","BB.F",476,0.9625,0.5,302.6,5.6,0.01418,16.8,0.9,0.0311439337256177,0.51057372768,9.03858267105,16.1150906963,0,0.5,NA
"BB.F.U3",1.38823159434407,0.814779447247448,0.135896510954041,0,0.402312103330849,0.035243532811729,0,0,0.110167577523224,-0.139214553571053,-0.903775235126395,-2,-0.496331549021672,-2,-1.54713695285762,-2,-2,"BB","F","U3","m16","BB.F",436,0.8625,1,279.4,4.8,0.00717999999999998,13.07,0.85,0.0348311735423834,0.61450492998,6.9944333716,15.663,1,1,NA
"BC.A.L4",0.403955964036447,0.0464606386140573,0,0.0341997264021888,0.0122609122118686,0,0,0,-0.387965812760199,-1.2837966145375,-2,-1.55284348425006,-1.73095313028745,-1.73095313028745,-2,-2,-2,"BC","A","L4","m16","BC.A",572,0.9975,1,913.2,4,0,24.31,0.35,0.0441153718149832,0.95172785185,27.5910101375,28.98757406715,0,0,9.23516161616161
"BC.A.L5",0.236952669798697,0,0,0.155960478851794,0,0.0122219506233195,0.120757066607515,0.120757066607515,-0.677475565038371,-2,-2,-0.814998534172396,-2,-2,-1.73144383229773,-0.969589785240594,-0.969589785240594,"BC","A","L5","m16","BC.A",688,1,0,844.6,3.8,0,19.76,0.65,0.0306441541142806,0.8478065373,26.5980021215,27.838904419,0,0,9.23516161616161
"BC.A.L6",0.199401794616152,0,0,0,0,0.0997008973080758,0,0,-0.67901960064881,-2,-2,-2,-2,-2,-0.959789820061095,-2,-2,"BC","A","L6","m16","BC.A",792,1,1.5,1064.2,4.4,0,30.48,0.3,0.0439772150033338,0.90530968865,28.70826584455,30.3902645645,0,0,9.23516161616161
"BC.A.U1",0.324078840846552,0.0363901018922853,0,0.133430373605046,0.0363901018922853,0,0,0,-0.556073332452849,-1.54103675440369,-2,-1.2788693066676,-1.54103675440369,-1.54103675440369,-2,-2,-2,"BC","A","U1","m16","BC.A",1044,1,1.25,602,3.6,0.00124,14.676,0.3,0.0436639786547495,0.52825020284,14.32107211625,15.25483877069,0,0,9.23516161616161
"BC.A.U2",2.37115617551674,0.0182748538011696,0,2.06676793133539,0,0,0.091374269005848,0.124781841388921,0.103473688456382,-1.66604152132724,-2,-0.0198974247483663,-2,-2,-2,-1.35750445368354,-0.914781027001504,"BC","A","U2","m16","BC.A",1132,0.96,0,460.4,3.2,0,13.04,0.25,0.0366409566428241,0.4586625088,12.71862255985,13.6769296983,0,0.5,9.23516161616161
"BC.A.U3",0.87707684669988,0.125331999158016,0,0.0268135216554501,0.0615817717955485,0,0.0118703058754143,0.0118703058754143,-0.0690736445751027,-0.901321415233459,-2,-1.49344342871911,-1.43780732821464,-1.45264890910895,-2,-1.66447493311705,-1.66447493311705,"BC","A","U3","m16","BC.A",928,1,3.25,632,3.4,0,13.918,0.9,0.124576939505315,2.97689999705,23.1897197255,26.67767374221,0,0,9.23516161616161
"BC.B.L4",0.831934550615464,0,0.78198467107826,0,0,0,0,0,-0.173933447351563,-2,-0.205628159960859,-2,-2,-2,-2,-2,-2,"BC","B","L4","m16","BC.B",164,0.966666666666667,0,1244.8,6.8,0,57.048,0.3,0.02567418044797,1.01596091775,14.63911174,66.845,0,0,9.57591919191917
"BC.B.L5",2.36106023208915,0.0457181022363737,1.98420762213953,0.0128766417718259,0.0457181022363737,0,0,0,0.335136085416417,-1.33789736572313,0.256112362037337,-1.72334203344327,-1.33789736572313,-1.33789736572313,-2,-2,-2,"BC","B","L5","m16","BC.B",120,1,0,1319.2,6.6,0,53.32,0.4,0.0292951739376472,1.778537451,8.710271246,63.3775,0,0.5,9.57591919191917
"BC.B.L6",5.45309972439033,0.235329493450652,3.62497467414061,0.150829562594268,0.235329493450652,0,0,0,0.698960048401182,-0.637672361227493,0.542944881779846,-1.25316007635453,-0.637672361227493,-0.637672361227493,-2,-2,-2,"BC","B","L6","m16","BC.B",156,0.4,0,1225.6,7.2,0,52.742,0.25,0.000824058526425952,0.04933862432,57.68680939625,58.26035175782,0,0.5,9.57591919191917
"BC.B.U1",0.0594122219948032,0,0.00930197946122935,0.0100220485067148,0,0,0,0,-1.25065576817011,-2,-1.77178692715593,-1.76112042216882,-2,-2,-2,-2,-2,"BC","B","U1","m16","BC.B",268,1,0,1232.75,7.5,0.00645,55.124,0.35,0.0331547507300195,1.94389092135,7.95540389157143,63.369,0,1,9.57591919191917
"BC.B.U2",2.72318165204678,0,2.30712414717349,0.0520071881091618,0,0,0.0325140107212476,0.0325140107212476,0.25097564829547,-2,0.138577370216993,-1.24942358291923,-2,-2,-2,-1.37656000538302,-1.37656000538302,"BC","B","U2","m16","BC.B",124,0.925,0,1165.8,6.8,0,48.596,0.15,0.00217280499401097,0.0835553904,5.41628533566667,44.5975,0,0.5,9.57591919191917
"BC.B.U3",0.387855852572109,0.0105596620908131,0.209971108335701,0.0261954663136059,0.0105596620908131,0.0105596620908131,0,0,-0.504588564528728,-1.75348492157667,-0.791104949532656,-1.48884189401879,-1.75348492157667,-1.75348492157667,-1.75348492157667,-2,-2,"BC","B","U3","m16","BC.B",108,0.475,0,1228.8,6.8,0.00227999999999998,71.784,0.05,0.00052907999310345,0.02454931168,12.59677848,57.512,0,0,9.57591919191917
"BC.C.L4",0.774427196503094,0.0494741888989938,0,0.385497615663466,0.0494741888989938,0,0.0110815602836879,0.0110815602836879,-0.119770546000281,-1.27709793310588,-2,-0.410855165323409,-1.27709793310588,-1.27709793310588,-2,-1.74632091062963,-1.74632091062963,"BC","C","L4","m16","BC.C",320,0.9575,0,643,5,0,23.294,0.5,0.0851688922587835,2.47301124046,27.70587486775,29.41647706816,1,1,6.01799999999997
"BC.C.L5",0.494944202175592,0.0732421875,0.09765625,0.0501607154351184,0.0244140625,0,0.0257466529351184,0.0257466529351184,-0.351039899027112,-1.40276451017715,-1.34379230438006,-1.2207935760867,-1.61520749672358,-1.61520749672358,-2,-1.60558607936311,-1.60558607936311,"BC","C","L5","m16","BC.C",536,0.99,0.75,850.2,5.2,0,31.938,0.4,0.0587018758523667,1.4245863725,24.1082694674375,28.2537199538,0,0.5,6.01799999999997
"BC.C.L6",2.26866621100502,0.0640478223740393,0.0213492741246798,0.753972701342202,0.0640478223740393,0,0.24186636064725,0.24186636064725,0.336871917595887,-1.42991000897898,-1.63910067432899,-0.117001492436334,-1.42991000897898,-1.42991000897898,-2,-0.610255915607771,-0.610255915607771,"BC","C","L6","m16","BC.C",200,0.895,0,876,6.2,0,36.492,0.5,0.0863770355404104,3.06899025355,29.2742788944375,35.12349411405,0.5,1,6.01799999999997
"BC.C.U1",0.96632930612327,0.125944584382872,0.0998003992015968,0.640783923337205,0.125944584382872,0,0.640783923337205,0.640783923337205,-0.127572938268688,-1.29094123139552,-1.33930353369377,-0.47255901929788,-1.29094123139552,-1.29094123139552,-2,-0.47255901929788,-0.47255901929788,"BC","C","U1","m16","BC.C",400,0.7625,0,340.8,4.6,0,10.79,0.05,0.00209579878279496,0.01762523904,10.7488058421333,10.77754760144,0,0,6.01799999999997
"BC.C.U2",0.610001741010834,0.0284252416145537,0,0.361471035833834,0.0284252416145537,0,0.262363008083587,0.262363008083587,-0.207740296021326,-1.58744772454523,-2,-0.460380053028856,-1.58744772454523,-1.58744772454523,-2,-0.568459577283468,-0.568459577283468,"BC","C","U2","m16","BC.C",616,0.9075,0.5,330,4.4,0,11.796,0.05,0.00200946438348126,0.0205124416,11.8965665369333,11.8919373443,0,0,6.01799999999997
"BC.C.U3",1.22160083346472,0.117785630153121,0.0196309383588536,0.809351127928797,0.157047506870828,0,0.0392618767177071,0.0392618767177071,-0.318541058170565,-1.30491123045263,-1.65374452348538,-0.411590691091488,-1.24466382530639,-1.30491123045263,-2,-1.52647009006483,-1.52647009006483,"BC","C","U3","m16","BC.C",856,0.9125,0.5,391.4,4.4,0,12.032,0.25,0.0217878146814187,0.23450520766,10.7892566399375,11.70404916601,0,0.5,6.01799999999997
"BC.D.L4",0.284304546700093,0,0.0471610060896393,0.0347014994861008,0,0,0,0,-0.535179109187829,-2,-1.24337693403665,-1.36033458346661,-2,-2,-2,-2,-2,"BC","D","L4","m16","BC.D",280,0.9875,0,643.8,4.6,0.01024,23.7,0.1,0.00256751318834731,0.0639966605,23.7749181706,23.82018528845,0,0,8.08989898989898
"BC.D.L5",0.280854846481955,0,0.0786227260839937,0.0206015657189946,0,0,0,0,-0.704584882728469,-2,-1.11715874794358,-1.6453517389979,-2,-2,-2,-2,-2,"BC","D","L5","m16","BC.D",448,0.9875,0,798.4,5,0.00168000000000004,34.276,0.4,0.0860182814578306,3.03922743751,22.852039723375,29.40813773881,0,0.5,8.08989898989898
"BC.D.L6",0.484438021213414,0.0263574064312072,0.183232245912883,0,0.0263574064312072,0.0250878073256397,0,0,-0.468542336836577,-1.60131493465152,-0.853488597798106,-2,-1.60131493465152,-1.60131493465152,-1.61028973250988,-2,-2,"BC","D","L6","m16","BC.D",476,0.85,0,794,5.4,0.00406,31.558,0.1,0.000206395714545612,0.00520811072,25.8510109693333,27.28331690092,1,0.5,8.08989898989898
"BC.D.U1",0.366995947942198,0,0.105046091125911,0.0523012552301255,0,0,0.0261506276150628,0.0261506276150628,-0.427740082998447,-2,-0.990367364862198,-1.47040293434709,-2,-2,-2,-1.60275160159798,-1.60275160159798,"BC","D","U1","m16","BC.D",1632,0.9875,0.25,457,2.4,0,9.322,0.25,0.0174812845750563,0.19752079006,13.2306374915333,12.45099890871,0.5,0.5,8.08989898989898
"BC.D.U2",0.276179758001943,0.104712041884817,0.0261780104712042,0,0.104712041884817,0,0,0,-0.605405098064399,-1.32935785320694,-1.60256080288248,-2,-1.32935785320694,-1.32935785320694,-2,-2,-2,"BC","D","U2","m16","BC.D",2696,0.95,0.25,485.6,2.2,0,8.078,0.25,0.0784056453615478,0.29100700673,5.97500277621333,6.79246021529,0,0.5,8.08989898989898
"BC.D.U3",0.253090049202525,0,0.0752256770310933,0.0889321860857157,0,0,0,0,-0.579912724290737,-2,-1.39732830675306,-1.04089163316116,-2,-2,-2,-2,-2,"BC","D","U3","m16","BC.D",952,0.87,0,375.4,3.4,0,6.724,0.2,0.0356747099262817,0.286765192,10.4160584431333,9.78004273315,0,0,8.08989898989898
"BC.E.L4",1.40310947952437,0.0588048815311533,0.944709698288205,0.193293823551476,0.0588048815311533,0,0.0192789666473877,0.0192789666473877,0.146711966060383,-1.16242373121408,-0.0508912394682638,-0.819326872605091,-1.16242373121408,-1.16242373121408,-2,-1.65686990291219,-1.65686990291219,"BC","E","L4","m16","BC.E",480,0.675,0,580.6,3.4,0,14.578,0.45,0.13890677897201,2.1767862351,12.8379359950667,15.4505472234,0,1,6.21789898989898
"BC.E.L5",3.99201241481264,0.266046442028733,2.71199930856821,0.31692343811879,0.252598351657566,0,0.0537923614846692,0.0537923614846692,0.504544345263443,-0.771508540534244,0.318599174635432,-0.618144318654565,-0.783661984638524,-0.783661984638524,-2,-1.46482454984891,-1.46482454984891,"BC","E","L5","m16","BC.E",724,0.995,0,692.2,3.2,0.00257999999999998,16.568,0.45,0.056851101845609,1.2710055335,17.8545739970824,19.7358781067,0.5,0,6.21789898989898
"BC.E.L6",3.56366014061392,0.112962439988704,1.1617269004569,1.74363074914341,0.127082744987292,0.014120304998588,0.0282406099971759,0.0282406099971759,0.509123787565686,-1.31361312860949,0.00358290657403389,0.173199719212035,-1.28906195916797,-1.31361312860949,-1.70873759433428,-1.58865050971461,-1.58865050971461,"BC","E","L6","m16","BC.E",480,0.45,0.25,458.8,3.8,0,13.008,0.3,0.062424464527755,0.79748453822,10.7628919608588,12.99867359325,0,0.5,6.21789898989898
"BC.E.U1",2.98440017289481,0.200400801603206,1.1175946664571,0,0.200400801603206,0,0,0,0.449325381080111,-1.19318393509052,0.0010417071611227,-2,-1.19318393509052,-1.19318393509052,-2,-2,-2,"BC","E","U1","m16","BC.E",3008,0.8575,0.5,187.4,1.8,0,2.464,0.2,0.025786462317386,0.0558564032,1.767234035225,2.05643902018,0,0.5,6.21789898989898
"BC.E.U2",0.971189182238405,0.0235183443085607,0,0.709712568609271,0.0235183443085607,0,0.142497478968847,0.142497478968847,-0.0230364185471921,-1.62192284814417,-2,-0.177943262194229,-1.62192284814417,-1.62192284814417,-2,-0.816755310423261,-0.816755310423261,"BC","E","U2","m16","BC.E",3616,0.965,0,252.6,2.2,0,3.156,0.45,0.138156422190452,0.71248734435,2.80380024354118,3.78728142656,0,0.5,6.21789898989898
"BC.E.U3",1.78169655723835,0.188849840552627,0.113774765477552,0.489150140852927,0.113774765477552,0.0386996904024768,0,0,0.225501601346875,-0.783354724150637,-0.926982147003813,-0.549510256291065,-0.926982147003813,-0.926982147003813,-1.52924582209209,-2,-2,"BC","E","U3","m16","BC.E",2064,0.875,0,232.6,2.4,0,3.69,0.210526315789474,0.00818955117334432,0.0457151444210526,3.98916395028571,3.95615173936842,0,0.5,6.21789898989898
"NA.NA.NA",0.93446079865382,0.104453795793149,0,0.460721374186763,0.0242647772493448,0.0708683116613947,0.121323886246724,0.460721374186763,-0.0277524790292627,-0.942278125097427,-2,-0.327799194337455,-1.61631239076622,-1.61631239076622,-1.10945766883495,-1.29874226321529,-0.327799194337455,NA,NA,NA,NA,NA,NA,NA,NA,NA,NA,NA,NA,NA,NA,NA,NA,NA,NA,NA,NA
"OR.A.L4",1.81490151875765,0.260918996924709,0.0413291453132749,0.302248142237984,0.0731966172038112,0.10821798023526,0.24971609769081,0.24971609769081,0.259371383127797,-0.576054831600606,-1.51655785799296,-0.505873622059493,-1.11434808171989,-1.11434808171989,-1.0111067792529,-0.590605907397147,-0.590605907397147,"OR","A","L4","m16","OR.A",94.4444444444444,0.25,0.25,1464.6,8.6,0.476,103.692,0.0526315789473684,2.17382081041711e-05,0.00363336757894737,4.703299712,93.2747894736842,0,0.5,NA
"OR.A.L5",2.63010855683269,0.457894950232115,0.0321502057613169,0.563024539317643,0.192014332340003,0.178995874637637,0.389255052808693,0.389255052808693,0.398322468076042,-0.333042220165566,-1.56450439041773,-0.241989415186612,-0.717143857609171,-0.717143857609171,-0.906078552915135,-0.403852710522114,-0.403852710522114,"OR","A","L5","m16","OR.A",77.7777777777777,0.25,1.25,1566.4,9,0.3214,89.318,0,0,0,4.377419757,83.43025,0,0.5,NA
"OR.A.L6",2.91431467253369,0.23113538144077,0,0.747960627659369,0.0904452861963255,0.0746547219111609,0.621624538603776,0.673305905748208,0.456684218936649,-0.625262676679051,-2,-0.12526875164632,-1.00829011255107,-1.00829011255107,-1.39887923928602,-0.20990652241366,-0.182487419328604,"OR","A","L6","m16","OR.A",63.8888888888889,0.25,0,1519.6,8.2,0.3474,83.8172,0,0,0,NA,88.74255,0,0.5,NA
"OR.A.U1",0.910115915449745,0.139378623735888,0.0377216144851,0.25414252312697,0,0,0,0.152485513876182,-0.0361633597663327,-0.869651475223403,-1.53416117382909,-1.14271566069994,-2,-2,-2,-2,-1.25086469622576,"OR","A","U1","m16","OR.A",77.7777777777778,0.245,0.5,898.6,8.2,0.1022,41.255,0.157894736842105,0.00356925857953381,0.159994016652632,11.9134379146667,45.6864210526316,0,0.5,NA
"OR.A.U2",1.71830662537825,0.162337662337662,0,0.626881429238637,0,0,0.302206104563312,0.626881429238637,0.236964686318185,-1.23768815331079,-2,-0.196211862346463,-2,-2,-2,-1.10577008146252,-0.196211862346463,"OR","A","U2","m16","OR.A",91.6666666666666,0.25,0,673.6,7.2,0.12402,39.234,0.15,0.00394258994260945,0.12854523328,8.573535416,37.2388,1,1,NA
"OR.A.U3",2.26314400303855,0.351493848857645,0.366300366300366,1.31102055530878,0,0,0.834958831443893,0.834958831443893,0.34865254650441,-1.07345898182053,-1.06462231333173,0.115237315905763,-2,-2,-2,-0.0763746638258978,-0.0763746638258978,"OR","A","U3","m16","OR.A",83.3333333333333,0.2475,0,636.6,7.4,0.11818,36.964,0.315789473684211,0.0198735117144433,0.510356624494737,8.2271490125,33.8137368421053,0,0.5,NA
"OR.B.L4",0.743002424290909,0.149943021651772,0,0.149943021651772,0.0299886043303545,0.0677358487815095,0.149943021651772,0.149943021651772,-0.26127959843853,-1.25439899157179,-2,-1.25439899157179,-1.57752169259724,-1.57752169259724,-1.11155263240542,-1.25439899157179,-1.25439899157179,"OR","B","L4","m16","OR.B",75,0.225,0,1522.6,8.6,0.36336,110.374,0,0,0,NA,121.4915,0,0.5,1.37238652330453
"OR.B.L5",0.851415149620721,0.322486798050152,0,0.128556806777001,0.258427350883181,0,0.128556806777001,0.128556806777001,-0.0871771538564897,-0.53735998002722,-2,-0.869964948226067,-0.840995926010422,-0.840995926010422,-2,-0.869964948226067,-0.869964948226067,"OR","B","L5","m16","OR.B",94.4444444444443,0.25,0,2001,8.8,0.37018,128.52,0,0,0,NA,126.6605,0,0.5,1.37238652330453
"OR.B.L6",2.16805924696147,0.332281038070264,1.11463892454232,0.199917456142475,0.0337769371073431,0,0.166140519035132,0.166140519035132,0.18548619555617,-0.565883845240606,-0.824946007958653,-0.80049050876633,-1.55519825103329,-1.55519825103329,-2,-0.847390098956851,-0.847390098956851,"OR","B","L6","m16","OR.B",83.3333333333335,0.25,0,1749.4,8.2,0.25512,106.251,0,0,0,NA,99.23575,0,0.5,1.37238652330453
"OR.B.U1",0.260213374967473,0.260213374967473,0,0,0.260213374967473,0,0,0,-1.13768729107974,-1.13768729107974,-2,-2,-1.13768729107974,-1.13768729107974,-2,-2,-2,"OR","B","U1","m16","OR.B",163.888888888889,0.1925,1.75,561,6,0.04482,22.946,0.35,0.00491970549937673,0.23749578145,9.61916656666667,31.1705,0,0.5,1.37238652330453
"OR.B.U2",0.487329434697856,0.487329434697856,0,0,0.487329434697856,0,0,0,-0.303355836065274,-0.303355836065274,-2,-2,-0.303355836065274,-0.303355836065274,-2,-2,-2,"OR","B","U2","m16","OR.B",75,0.2225,1,713.4,7.8,0.11958,43.416,0.6,0.0759450644082602,0.84744159202,7.05744292207692,26.26881415135,0,0.5,1.37238652330453
"OR.B.U3",0.566165471003811,0.291545189504373,0.0802568218298555,0.0971817298347911,0,0.0971817298347911,0.0971817298347911,0.0971817298347911,-0.388105092822206,-1.11343956047305,-1.3841204325907,-1.34479837687752,-2,-2,-1.34479837687752,-1.34479837687752,-1.34479837687752,"OR","B","U3","m16","OR.B",47.2222222222221,0.2375,0.75,443.8,5.6,0.07728,28.246,0.05,0.00648752595052085,0.12456049825,5.555204243,26.017,0,1,1.37238652330453
"OR.C.L4",0.787915355537949,0,0,0.468537324996562,0,0.140393935623448,0.423673088932469,0.429947165702073,-0.118821333572704,-2,-2,-0.379516557948792,-2,-2,-0.823767651567815,-0.443348429350879,-0.439349061813851,"OR","C","L4","m16","OR.C",58.3333333333333,0.25,0,1445.6,9.6,0.44494,101.668,0.15,0.00276924912603267,0.3167068848,21.29335259,103.5035,0.5,0.5,0.934383838383836
"OR.C.L5",1.1391144660608,0,0,0.382378330189439,0,0.1831686405872,0.283549469377356,0.29312196186295,0.0432988636680811,-2,-2,-0.425936914570478,-2,-2,-0.718485457933728,-0.54192327618324,-0.53050526007261,"OR","C","L5","m16","OR.C",52.7777777777778,0.25,0.25,1458.2,9,0.3556,98.89,0.1,0.000765272217202962,0.08061785056,13.16597626,111.169,0,0.5,0.934383838383836
"OR.C.L6",0.446503664197713,0.0417199849573644,0.00366297682800859,0.191093537776248,0.0102436848244462,0.0395264156252186,0,0.17646271428751,-0.343354651702173,-1.28674775878066,-1.88065142579971,-0.726963672164622,-1.69826887238484,-1.81761744658513,-1.3069068936441,-2,-0.773516494532413,"OR","C","L6","m16","OR.C",69.4444444444445,0.25,0.25,1434.4,9.2,0.668,128.254,0,0,0,NA,130.7155,0,0.5,0.934383838383836
"OR.C.U1",0.396609168641878,0.0152305690575759,0,0.196668583911244,0,0.0662703832304179,0.156457902937205,0.192316992751936,-0.468137269838058,-1.69648095264891,-2,-0.771001848388734,-2,-2,-1.26250817447295,-0.886796668570215,-0.793526649152121,"OR","C","U1","m16","OR.C",44.4444444444444,0.2,0,1025.4,10.6,0.2238,70.04,0.25,0.00553118788070621,0.41360614882,12.7313438083333,80.7045,0,0.5,0.934383838383836
"OR.C.U2",0.785463877193501,0.0600557317190353,0,0.422153822664788,0.0240222926876141,0.0534441767556514,0.33447607067119,0.410142676320981,-0.114901244356107,-1.4428422191728,-2,-0.395481486821129,-1.61811914335751,-1.61811914335751,-1.25018969973709,-0.541947954814427,-0.415387469950052,"OR","C","U2","m16","OR.C",48.1481481481481,0.22,0,960.6,9.2,0.27662,80.226,0.25,0.0032624803276442,0.23017620163,10.0600060816,80.0155,0,1,0.934383838383836
"OR.D.L4",0.440120495364622,0.0160621524166278,0.00347012568795242,0.237857462942915,0.00347012568795242,0.0299426551684375,0.0728726394470008,0.176351762409417,-0.361047947731823,-1.61236713880296,-1.88554007473706,-0.620952069334077,-1.88554007473706,-1.88554007473706,-1.40166719681573,-1.40379255461805,-0.731422904839519,"OR","D","L4","m16","OR.D",61.1111111111111,0.25,0,1447.2,9.4,0.535,120.286,0.2,0.00154317866113208,0.25185269282,18.34690485,117.164,0,0.5,0.936636363636364
"OR.D.L5",0.258486566241595,0.00371166315914498,0.00185583157957249,0.134306626053745,0.00371166315914498,0.00943325389205023,0.113507238692978,0.126729203741267,-0.663788882922024,-1.87943446473955,-1.93145493208622,-1.06460115321769,-1.87943446473955,-1.87943446473955,-1.73114411251419,-1.12902547433655,-1.07763923029961,"OR","D","L5","m16","OR.D",33.3333333333333,0.25,0,1551,8.6,0.5488,108.766,0.35,0.00171783041923433,0.17441597857,15.620766602,108.598,0.5,0.5,0.936636363636364
"OR.D.L6",0.526153155337131,0.0258514624920591,0.00432806751785328,0.304719659316046,0,0.0589553517188938,0.248688666814075,0.287524331859693,-0.271150223439655,-1.45817532469648,-1.86458916171285,-0.503767690171467,-2,-2,-1.1615545267877,-0.587951294166944,-0.526749577251257,"OR","D","L6","m16","OR.D",61.1111111111111,0.25,0,1316.6,10,0.2772,70.824,0.15,0.000650389850191424,0.10262243296,10.293674133,109.483,0,0.5,0.936636363636364
"OR.D.U1",0.646061430819879,0.0274919757795693,0,0.391760654858863,0.00687299394489233,0.164951854677416,0.254300775961016,0.391760654858863,-0.183055493220383,-1.42606167220703,-2,-0.396032596742466,-1.77280784933853,-1.77280784933853,-0.757081449169083,-0.577901561820643,-0.396032596742466,"OR","D","U1","m16","OR.D",77.7777777777777,0.24,0.25,945.8,8.2,0.26202,74.612,0.4,0.00795779525868952,0.65151541506,14.3090430042222,68.9275,0,0.5,0.936636363636364
"OR.D.U2",1.6829052258636,0.0590493061706525,0.0295246530853262,0.974313551815766,0.0295246530853262,0.324771183938589,0.590493061706525,0.974313551815766,0.228632645624248,-1.16084068099224,-1.40313193325634,-0.00686653558077591,-1.40313193325634,-1.40313193325634,-0.475251931787072,-0.221492006212746,-0.00686653558077591,"OR","D","U2","m16","OR.D",50,0.25,0,840.2,7.8,0.1476,44.68,0.45,0.0058177417949829,0.45239371966,12.6282552565556,62.964,0,0.5,0.936636363636364
"OR.D.U3",0.606823433707718,0.0398112446526164,0,0.424097022299846,0.0138266688789337,0.0328979102131495,0.060789534473745,0.392033493078789,-0.229458455841913,-1.32477406062022,-2,-0.392698018701652,-1.71209825998963,-1.71209825998963,-1.37643355163143,-1.44040659549624,-0.433711327432352,"OR","D","U3","m16","OR.D",122.222222222222,0.25,0.25,1033.8,8.2,0.2656,62.646,0.5,0.00947650408935801,0.53439135102,8.1679014365,54.9095,0,0.75,0.936636363636364
"OR.E.L4",1.01744714891958,0.067750191505805,0,0.461497486461143,0.0188904351994585,0.107405076132202,0.377328012149611,0.423517570006809,-0.00932128705730165,-1.11682041740807,-2,-0.353955442461856,-1.54084046833485,-1.54084046833485,-0.991423794011336,-0.438587343237548,-0.391141003069268,"OR","E","L4","m16","OR.E",50,0.25,0,1102,9.6,0.36,101.268,0.35,0.00104127761494337,0.12806972575,10.06327441,95.303,0,0.5,0.9370606060606
"OR.E.L5",1.12672445299758,0.0430743193095762,0,0.458938575990423,0,0.0574621874591525,0.286507371043389,0.300895239192965,0.04448716617266,-1.29190488055107,-2,-0.329048800290768,-2,-2,-1.21484780267096,-0.562602227427343,-0.530833854667589,"OR","E","L5","m16","OR.E",27.7777777777778,0.25,0,1019,8.6,0.317,77.422,0.3,0.000533272148615504,0.04300331808,10.4923505836667,94.8565,0,0.5,0.9370606060606
"OR.E.L6",1.55390556883063,0.0235896347145064,0,0.66491082209105,0.0862400658078041,0.0781391978968626,0,0.496837608940072,0.176352831754713,-1.62138069892916,-2,-0.207676212236452,-1.36939220724604,-2,-1.14597802071992,-2,-0.315561369494895,"OR","E","L6","m16","OR.E",16.6666666666667,0.25,0,1338.2,10.2,0.3242,92.562,0,0,0,7.135165619,100.699473684211,0,0.5,0.9370606060606
"OR.E.U1",0.480575264136022,0,0,0.159643653240721,0,0.0490750018132814,0.150616590105442,0.159643653240721,-0.311320418075654,-2,-2,-0.796480539929624,-2,-2,-1.2302126609529,-0.814505585162614,-0.796480539929624,"OR","E","U1","m16","OR.E",75,0.25,0.25,692.2,9,0.1078,38.822,0.05,0.000236288247311828,0.00703193824,14.385226079,49.262,0,0.5,0.9370606060606
"OR.E.U2",0.283673109948086,0.0370522666270722,0,0.0729217306757414,0.0243072435585805,0.0984117768127249,0.0729217306757414,0.0729217306757414,-0.561983932039312,-1.34094423342659,-2,-1.40365570724391,-1.61599751539151,-1.61599751539151,-1.01106166864572,-1.40365570724391,-1.40365570724391,"OR","E","U2","m16","OR.E",80.5555555555556,0.2475,0,666.6,8.6,0.1616,46.122,0.2,0.0009869324958916,0.05853596448,17.2660897392,51.878,0.5,0.5,0.9370606060606
"OR.E.U3",0.989768063069976,0,0,0.291956518287875,0,0.11667168042635,0.291956518287875,0.291956518287875,-0.00290978053495872,-2,-2,-0.719035293510781,-2,-2,-0.949638799207837,-0.719035293510781,-0.719035293510781,"OR","E","U3","m16","OR.E",86.1111111111112,0.25,0,623.8,8.6,0.151,56.214,0.15,0.000853132199602007,0.0393170112,11.908637896,52.981,0,0.5,0.9370606060606
"SD.A.L4",11.1490157992127,0.65388179256669,0.610229807741234,0.113053964425686,0.120329295229928,0,0,0,1.04399140084915,-0.178203779508762,-0.471618657045755,-1.3134447142146,-0.89711373316904,-1.39693988331925,-2,-2,-2,"SD","A","L4","m16","SD.A",164,0.55,0.25,178.8,3.6,0.0204,NA,0.4375,0.0813405332256333,0.5400426096125,5.780836606375,6.3211129247875,NA,NA,0
"SD.A.L5",24.4827713118833,0.282371973794049,1.50715425835334,0.140034949686652,0.279107474879987,0,0,0,1.34306634083213,-0.536725469832028,-0.133854538411619,-0.991582655284061,-0.546758133759189,-1.37871525984458,-2,-2,-2,"SD","A","L5","m16","SD.A",156,0.5625,0.25,165.8,3.2,0.0260200000000001,NA,0.4375,0.0347300701438903,0.1641399824,3.836882763125,4.003072191925,NA,NA,0
"SD.A.L6",7.64847156857955,0.126888291633725,1.63401541595151,0.0648412351460847,0.206933116735782,0,0,0.0200112062755143,0.872946611140865,-0.890678505115665,-0.0596267467867549,-1.13501037713091,-0.668821107847732,-1.36790788454741,-2,-2,-1.65041768316869,"SD","A","L6","m16","SD.A",108,0.6375,0,203.4,3,0.02308,NA,0.375,0.0373326527885231,0.2778258304,5.3241111840625,5.6019370144625,NA,NA,0
"SD.A.U1",35.2664190826079,0.379362670713202,0.0730994152046784,0.126454223571067,1.24269005847953,0,0,0,1.39282818659757,-1.05711440097685,-1.40316111118539,-1.29009772998166,-0.801431644835169,-2,-2,-2,-2,"SD","A","U1","m16","SD.A",28,0.05,0.5,185.8,3.6,0.02626,NA,0.4375,0.047191376549852,0.1514073472,4.056573529625,4.208088742425,NA,NA,0
"SD.A.U2",14.7362173123932,0.270224371970348,0.382379932701132,0,0.270224371970348,0,0,0,1.07669577240778,-0.594303385820498,-1.05541644248304,-2,-0.594303385820498,-0.594303385820498,-2,-2,-2,"SD","A","U2","m16","SD.A",140,0.525,1,190.8,4,0.01738,NA,0.5625,0.0782962574247599,0.3277226591875,3.8615075808125,4.189365072,NA,NA,0
"SD.A.U3",9.45906939924362,0.131921090610898,0.105122993902866,0.030919547337827,0.0700819959352442,0,0,0.030919547337827,0.876467485224403,-0.848686820363611,-1.3285459971667,-1.57181957466707,-1.41171709760318,-1.41171709760318,-2,-2,-1.57181957466707,"SD","A","U3","m16","SD.A",156,0.4,0.75,162,3.4,0.01512,NA,0.5625,0.107536928692007,0.4383747872125,4.6324994287875,5.070874216,NA,NA,0
"SD.B.L4",24.541583574829,4.16334085811182,0.0218617463162957,0.608422529494468,0.682128994551498,0,0,0,1.30101358830196,0.447137012241472,-1.63491788052442,-0.236662624356036,-0.541307968914481,-0.541307968914481,-2,-2,-2,"SD","B","L4","m16","SD.B",92,0.4125,0,420,3.4,0.04658,NA,1,0.398820135597187,3.60218968955,5.02928753275,8.6314772223,NA,NA,NA
"SD.B.L5",44.6350262049921,5.00890921112764,0,0.524039069260912,0.811005610493665,0,0,0,1.62579379714287,0.678710126737881,-2,-0.286180579268656,-0.281574173574746,-0.281574173574746,-2,-2,-2,"SD","B","L5","m16","SD.B",88,0.275,2.75,231.8,2.4,0.0261600000000001,NA,0.75,0.318598628092349,1.364203209575,3.0376256336,4.401828843175,NA,NA,NA
"SD.B.L6",25.1440485516671,1.95566726354179,0,2.27953793616988,0.247079642939049,0,0,0,1.24059022665943,0.159616536989905,-2,0.22475056904935,-0.827854006835383,-0.894092382404625,-2,-2,-2,"SD","B","L6","m16","SD.B",196,0.7,1.25,324,2.6,0.03122,NA,0.6875,0.268647337950202,2.0684127680125,4.451891964875,6.5203047328875,NA,NA,NA
"SD.B.U1",9.06897137162892,1.00857842000598,0,0.28562171130885,0.17983253706343,0,0,0,0.944663113994741,0.00530907795029573,-2,-0.530284176596645,-0.787179856564257,-1.31554522226425,-2,-2,-2,"SD","B","U1","m16","SD.B",200,0.975,0.5,226.2,2.6,0.00933999999999999,NA,0.5625,0.158688982431078,0.79194474085,3.7703971040625,4.5623418449125,NA,NA,NA
"SD.B.U2",9.03114572293894,0.437419759461332,0,0.300202046330638,0.18890131174579,0,0,0,0.954538442121056,-0.466552814660551,-2,-0.519972552344167,-0.710557504417214,-0.710557504417214,-2,-2,-2,"SD","B","U2","m16","SD.B",192,0.6,1,231.6,3,0.01562,NA,0.3125,0.0849034567196432,0.336990112,4.35721742875,4.69420754075,NA,NA,NA
"SD.B.U3",4.23286028976533,0.289095787506593,0,0.129550485802872,0.0121687069531992,0,0,0,0.626640498294498,-0.570362383661085,-2,-0.858316075444564,-1.73211620823452,-1.73211620823452,-2,-2,-2,"SD","B","U3","m16","SD.B",188,1,0.75,216.4,2.4,0.0167,NA,0.4375,0.0839934031084711,0.539732496,3.680374272,4.2224303728,NA,NA,NA
"SD.C.L4",2.36891110006688,0.016750418760469,0,0.0625379645480148,0.150753768844221,0,0,0,0.269405976517955,-1.68075119075003,-2,-1.17735757948148,-1.25326572002907,-2,-2,-2,-2,"SD","C","L4","m16","SD.C",128,0.8,0,446.8,3.4,0.0199600000000001,NA,0.5625,0.025892882827145,0.424001696,13.2953565516875,13.7198481372875,NA,NA,NA
"SD.C.L5",1.69208404728387,0.0774886546342931,0.00655909746818838,0.0131181949363768,0.106012339531349,0,0,0,0.208123510789492,-1.16068187502927,-1.81802303927313,-1.72042753817477,-0.9355141767872,-1.46975390073932,-2,-2,-2,"SD","C","L5","m16","SD.C",104,0.775,0,614.8,3.6,0.02132,NA,0.5625,0.0552455670888882,0.777023332825,10.81091964775,11.587942980575,NA,NA,NA
"SD.C.L6",5.29026020207627,0.355391557499672,0,0.0937031484257871,0.531960095599756,0,0,0,0.601786904001793,-0.437855813681429,-2,-1.35231949917596,-0.30423019283727,-1.24452987108712,-2,-2,-2,"SD","C","L6","m16","SD.C",96,0.7125,0.75,474,3.6,0.02688,NA,0.5625,0.0319662062055884,0.3484957759875,12.8415390055,13.1900347814875,NA,NA,NA
"SD.C.U1",0.605997634858911,0.0839806844425782,0,0,0.133742245418523,0,0,0,-0.220133412322032,-1.3748371311513,-2,-2,-0.902669053400956,-1.5683816665449,-2,-2,-2,"SD","C","U1","m16","SD.C",172,0.925,0,272.6,3.4,0.0213399999999999,NA,0.5625,0.0588908765437121,0.5608741536125,8.0228725411875,8.5837466948,NA,NA,NA
"SD.C.U2",12.4979916518921,1.14221217984512,0,0.0442282176028306,0.98636309355121,0,0,0,0.453288062944604,-0.528071270237438,-2,-1.50337794635017,-0.315659901776694,-0.864359795239936,-2,-2,-2,"SD","C","U2","m16","SD.C",128,0.9,0.25,511.6,3.4,0.02058,NA,0.8125,0.0923791944785321,1.0925616736125,11.33628354775,12.4295733141625,NA,NA,NA
"SD.C.U3",4.19850441170619,0.642540211513761,0.010386373078521,0,0.362108138393695,0,0,0,0.56081793705135,-0.53310629679384,-1.75591687281172,-2,-0.664479517845776,-0.664479517845776,-2,-2,-2,"SD","C","U3","m16","SD.C",116,0.725,1.5,418.8,3.8,0.0223000000000001,NA,0.5,0.0401557996226246,0.4739974016375,10.4039517293125,10.87794913095,NA,NA,NA
"SD.D.L4",6.06079039165901,0,0.468873829139392,0.473940494854169,0,0,0,0,0.781783023065325,-2,-0.384263405807717,-0.403614140075084,-2,-2,-2,-2,-2,"SD","D","L4","m16","SD.D",68,0.3375,0,281.2,3.6,0.03694,NA,0.333333333333333,0.0105770390522062,0.08479674368,6.87378090326667,6.95986244609333,NA,NA,0
"SD.D.L5",0.913601331225359,0,0.0114807926339234,0.0170861311873153,0,0,0,0,-0.0616591025116715,-2,-1.74099595466886,-1.67742517843673,-2,-2,-2,-2,-2,"SD","D","L5","m16","SD.D",184,0.9375,0,387.2,3.4,0.02958,NA,0.5,0.0376769276352172,0.271272995225,7.133889209875,7.4051622051,NA,NA,0
"SD.D.L6",1.99464275179721,0,0.0556565725522574,0.049490660182204,0,0,0,0.0061659123700534,0.301543177503086,-2,-1.20101268110209,-1.26710355703845,-2,-2,-2,-2,-1.82553789457306,"SD","D","L6","m16","SD.D",252,0.95,0.5,502,3,0.02782,NA,0.1875,0.0212343970642755,0.147366881625,7.6640036896875,7.8113705713125,NA,NA,0
"SD.D.U1",3.65071491020114,0,0.0178145152670396,0.40973385114191,0,0,0,0,0.338501152183496,-2,-1.67037937922503,-1.04060025990902,-2,-2,-2,-2,-2,"SD","D","U1","m16","SD.D",144,0.9625,0.75,280,3.2,0.041925,NA,0.1875,0.00272880798160417,0.022449528,6.6888042831875,6.7115684191875,NA,NA,0
"SD.D.U2",4.07139142171877,0.210681504400854,0,0.193933463580722,0,0,0,0,0.576756734433166,-0.813029701794521,-2,-0.697641121474863,-2,-2,-2,-2,-2,"SD","D","U2","m16","SD.D",216,1,0.25,203.4,2.8,0.0349200000000001,NA,0.266666666666667,0.0341182004904406,0.224096776493333,4.7421696802,4.96626645669333,NA,NA,0
"SD.D.U3",3.83962288694762,0.027122321670735,0,0.136516051375674,0,0,0,0,0.519907736746748,-1.59608153877828,-2,-0.841181657591679,-2,-2,-2,-2,-2,"SD","D","U3","m16","SD.D",196,0.975,1,227.2,2.6,0.033825,NA,0.375,0.055708663569693,0.158000631975,4.2217831791875,4.3797838111625,NA,NA,0
"SD.E.L4",15.3662373486358,0,0,0,0.125086722798231,0,0,0,1.18531687295283,-2,-2,-2,-0.869497063059369,-2,-2,-2,-2,"SD","E","L4","m16","SD.E",136,0.4,0,228.6,2.6,0.04512,NA,0.75,0.0985418087341747,0.4330848784,3.9883350544375,4.4214199328375,NA,NA,NA
"SD.E.L5",2.45947853042599,0.0112258643915582,0.0965250965250965,0.0305308836965775,0.191264457092926,0,0,0,0.328676280845267,-1.74438108115802,-1.3461982966339,-1.40101809814471,-0.732571696680909,-2,-2,-2,-2,"SD","E","L5","m16","SD.E",228,0.975,2,165.8,2.8,0.02234,NA,0.375,0.0523176289461546,0.1725939488,3.3710471919875,3.5441265359875,NA,NA,NA
"SD.E.L6",13.4715042239314,0,0,0,0.12561467658555,0,0,0,1.11179985244617,-2,-2,-2,-0.867907224991025,-2,-2,-2,-2,"SD","E","L6","m16","SD.E",188,0.75,0,340,3.6,0.03162,NA,0.4375,0.0716433027604803,0.4666490576125,7.0474933585625,7.514704216175,NA,NA,NA
"SD.E.U1",27.5235071444761,0.0101708706265256,0,0.0403064061401892,0.360872273432137,0,0,0,1.20718174820782,-1.75897974976257,-2,-1.30676691823743,-0.832921962956564,-2,-2,-2,-2,"SD","E","U1","m16","SD.E",356,0.8875,3.5,126.8,2.4,0.04276,NA,0.375,0.059675229151443,0.195376062375,2.62388465285,2.819395547225,NA,NA,NA
"SD.E.U2",49.1955267326704,0.370553686709489,0.01595914458985,0.262333035723479,0,0,0,0,1.66253116234786,-0.451228734557271,-1.68879822530913,-0.729432388752338,-2,-2,-2,-2,-2,"SD","E","U2","m16","SD.E",188,0.6,0,119,2.6,0.0348799999999999,NA,0.375,0.0470364494723845,0.1059734576,2.3344452928125,2.4406884144125,NA,NA,NA
"SD.E.U3",14.1902363871432,0.0287659411257072,0,0.098078875984084,0.0836959054212304,0,0,0,1.13407872714508,-1.58524557271868,-2,-0.968854757258061,-1.04590856540823,-2,-2,-2,-2,"SD","E","U3","m16","SD.E",168,0.9,3.25,171.4,2.6,0.01894,NA,0.375,0.102615646568144,0.3383159599875,2.1237568095625,2.46207276955,NA,NA,NA
"WA.A.L4",1.21299650469033,0.394341222564689,0.58768070174891,0.163179652461582,0.0266787610383374,0,0.149840271942413,0.163179652461582,0.0853537013839624,-0.394661073391732,-0.272085211674086,-0.942751839499366,-1.59910090820826,-1.59910090820826,-2,-0.962733802274602,-0.942751839499366,"WA","A","L4","m16","WA.A",101,0.5,6.25,771.8,6.4,0.017175,NA,0.95,0.075909813490829,2.9397052419,35.9252646,38.8649698419,NA,NA,17.8938484848485
"WA.A.L5",1.87763696655712,0.186933438740309,1.00425808973484,0.610957898980139,0.0237507332111027,0.00390307874851683,0.559553353809417,0.610957898980139,0.258320763791017,-0.707123459277798,-0.000980620304573056,-0.272973587320477,-1.48263507798442,-1.48263507798442,-1.87471489478494,-0.314543818823597,-0.272973587320477,"WA","A","L5","m16","WA.A",97,0.7875,2,885.4,7.1,0.00890000000000012,NA,0.9,0.12980756756502,6.37741067822,41.1453717715,47.52278244972,0.5,0.5,17.8938484848485
"WA.A.L6",7.16755517540093,0.997042516775611,5.12143196403215,0.966367446342238,0.144365529385334,0,0.846317941890325,0.966367446342238,0.847828060796202,-0.228563625185751,0.710211440893674,-0.0694014477763713,-0.90143771339837,-0.90143771339837,-2,-0.113433425408756,-0.0694014477763713,"WA","A","L6","m16","WA.A",76,0.8,2.75,911.6,6.4,0.01522,NA,0.85,0.0490083245103017,2.53367395484,46.061389637,48.59506359184,0.5,0,17.8938484848485
"WA.A.U1",0.0334498503119199,0,0,0,0,0,0,0,-1.36201171539067,-2,-2,-2,-2,-2,-2,-2,-2,"WA","A","U1","m16","WA.A",24,0.1375,0.25,729,5.4,0.00667999999999998,NA,0.35,0.00941342492260504,0.36219650496,33.9546922235,34.31688872846,0,0,17.8938484848485
"WA.A.U2",0.261361999947779,0.12595532124168,0.0355429980656746,0.0555157341937594,0.00440247419049506,0.0155702619375898,0.0243752103185799,0.0555157341937594,-0.638475662995144,-1.0132042525107,-1.35874811957292,-1.20566907282635,-1.87812436327956,-1.87812436327956,-1.60380608717782,-1.4937895214167,-1.20566907282635,"WA","A","U2","m16","WA.A",41,0.45,0.5,1090.4,6.2,0.00782000000000015,NA,0.25,0.01139722446828,0.3947710173,38.7863888535,39.1813935796,0,1,17.8938484848485
"WA.A.U3",0.395324946248732,0.310447355278455,0,0.0412830780663006,0.0103207695165752,0,0.0206415390331503,0.0412830780663006,-0.392602098804016,-0.495075379337863,-2,-1.51677388512283,-1.7568447125873,-1.7568447125873,-2,-1.64501295793913,-1.51677388512283,"WA","A","U3","m16","WA.A",19,0.1125,0.25,715.8,6.8,0.00948000000000003,NA,0.15,0.000238080554673065,0.01113532544,35.026078081,35.03721340644,NA,0.5,17.8938484848485
"WA.B.L4",0.562857273317003,0.0750597065847834,0.128980581296074,0.125983936298298,0.0204708290685773,0.0121488968801633,0.100187820039083,0.113835039418134,-0.262995925681001,-1.39777800511686,-0.857677747145699,-0.890643434156057,-1.64646346148737,-1.64646346148737,-1.73236690774148,-0.998655855355347,-0.922116393146686,"WA","B","L4","m16","WA.B",37,0.3875,0,967.2,9.25,0.1911,NA,0.6,0.0413131608963009,3.19939347155,61.2256345665,64.42502803805,NA,NA,17.4220909090909
"WA.B.L5",0.277600735734129,0.0756278004290135,0.108869580867272,0.0544347904336361,0.0232011384025243,0.00773371280084143,0.0154674256016829,0.0252092668096712,-0.541774529153124,-1.07630377572394,-0.96184386220673,-1.22187317556697,-1.62435168219351,-1.62435168219351,-1.7970074769389,-1.69395339195778,-1.4591625296868,"WA","B","L5","m16","WA.B",73,0.85,0,1006.6,8.2,0.17596,NA,0.5,0.0142737064794901,1.08368703138,64.97103021985,66.05471725123,NA,1,17.4220909090909
"WA.B.L6",0.610866855182835,0.0765507949021209,0.178496123974389,0.302488606064948,0.0197732642008006,0.00752796639515801,0.128978186584635,0.149387016260706,-0.261493107966472,-1.12730165124261,-0.890267609515283,-0.517666376387954,-1.53169436519412,-1.53169436519412,-1.80054471228302,-0.857532572777483,-0.799200949944726,"WA","B","L6","m16","WA.B",67,0.5375,0,793.2,7.9,0.30098,NA,0.55,0.0210103038995811,1.42134860671,56.693607448,58.11495605471,NA,0,17.4220909090909
"WA.B.U1",0.36945316416641,0.0645379730647859,0.0583615897009296,0.102816969641019,0.00707143564286422,0,0.0890513362899225,0.0996584897542188,-0.421222532149497,-1.14439016216213,-1.21190131417651,-0.949657724281119,-1.8086055404956,-1.8086055404956,-2,-1.01171216933773,-0.961039398922781,"WA","B","U1","m16","WA.B",42,0.225,0.25,824,7.9,0.35008,NA,0.75,0.0362268180550199,1.60663204454,43.31427483,44.92176979934,NA,0.5,17.4220909090909
"WA.B.U2",0.848527967511327,0.14945709087071,0.118635836533719,0.420366897643037,0.013728720483251,0.00440303633385583,0.374777699859429,0.374777699859429,-0.0805822810988487,-0.84414233088746,-1.09890769098609,-0.525836669306957,-1.71323094813189,-1.71323094813189,-1.8628509450431,-0.780946350157858,-0.780946350157858,"WA","B","U2","m16","WA.B",47,0.6125,0,848.4,8.1,0.05124,NA,0.55,0.0294941756035288,1.0666604464,41.384124188,42.451027332,NA,NA,17.4220909090909
"WA.B.U3",0.908029600877791,0.135918078033858,0.321764882742066,0.0773733186451791,0.00701953888649055,0.00526465416486791,0.0528049325424622,0.0563147019857074,-0.230141946093737,-0.905146529913538,-0.979238405752671,-1.0964578041535,-1.80954109873789,-1.80954109873789,-1.84381284128254,-1.20800955471908,-1.18811874376846,"WA","B","U3","m16","WA.B",94,0.85,0,763.4,7.8,1.06166,NA,0.45,0.0281915453241612,1.72947747962,54.8684594737,56.59842234852,NA,0,17.4220909090909
"WA.C.L4",6.16897532713879,0.614753937356897,0.194206862252152,4.74026276628014,0.106942591274927,0,3.84692701169185,4.67478532349533,0.787187719546964,-0.210587037797383,-0.906314468472441,0.675156568177329,-0.93244308171309,-0.93244308171309,-2,0.58511768135614,0.668965655577657,"WA","C","L4","m16","WA.C",27,NA,0,778.5,6.875,0.03555,NA,1,0.260066608861008,9.08990980731579,25.2380817905263,34.3279915978421,NA,0.5,23.2526767676768
"WA.C.L5",8.10159337015738,0.569439333496673,0.452958994379902,6.34160684098651,0.0632911392405063,0.0158227848101266,5.01017525321659,6.34160684098651,0.890744039353551,-0.253859705168686,-0.348703398005146,0.779132559112423,-1.43230282330377,-1.5674742637815,-1.69021559667023,0.663862352264902,0.779132559112423,"WA","C","L5","m16","WA.C",30,NA,3.5,745.6,7.4,0.0426999999999999,NA,1,0.258105506848784,10.3236997221,29.26745999075,39.59115971285,NA,0.5,23.2526767676768
"WA.C.L6",5.91095719731405,0.474855316303809,0.146110038664672,4.50951798290771,0.0462534690101758,0,3.11347720394013,4.50951798290771,0.76575782207638,-0.429932570553829,-0.833810548796315,0.654949444139161,-1.49462336953835,-1.49462336953835,-2,0.493093016810014,0.654949444139161,"WA","C","L6","m16","WA.C",41,NA,0.75,998.2,7.8,0.06168,NA,0.95,0.138021459540573,5.94639771849,35.3275040067,41.27390172519,NA,0.5,23.2526767676768
"WA.C.U1",8.68264403239539,0.28817809548838,0.134347016725563,7.54709646888882,0.0194840620372535,0,5.85523242855292,7.52761240685157,0.939050741020002,-0.547917439442811,-0.876579835856468,0.877612990378296,-1.65504326655016,-1.65504326655016,-2,0.767176142486443,0.876552474373642,"WA","C","U1","m16","WA.C",18,NA,0,614,5.4,0.07504,NA,1,0.51632556472543,14.63230482055,13.84963742055,28.4819422411,NA,1,23.2526767676768
"WA.C.U2",10.1090624591564,0.742664800596647,0.15648354179965,7.91604518670347,0.0934125471733363,0,5.87024030247016,7.85999765839947,1.00219162904946,-0.152413842933897,-0.838548002931801,0.894626956658925,-1.352959765855,-1.352959765855,-2,0.769388054740189,0.8919212351657,"WA","C","U2","m16","WA.C",19,NA,0.25,534,5.9,0.0759999999999999,NA,1,0.354576379163681,9.91789585145,17.54141308715,27.4593089386,NA,1,23.2526767676768
"WA.C.U3",7.95486566829119,0.0370617448669483,0,7.38509788898759,0.0370617448669483,0,5.73607643451133,7.38509788898759,0.883163554361862,-1.5375413597859,-2,0.847442723591852,-1.5375413597859,-1.5375413597859,-2,0.738652469435581,0.847442723591852,"WA","C","U3","m16","WA.C",29,NA,0,721.6,5.9,0.03722,NA,1,0.286366075617138,10.56960452595,24.4883667165,35.05797124245,NA,0.5,23.2526767676768
"WA.D.L4",2.23992059026227,0.208999274174391,0.696533835521397,1.21702709961386,0.0128607438654252,0.01647935137273,0.889053758323058,1.21702709961386,0.320792754957806,-0.673529694927897,-0.182273265711863,0.0499714638099492,-1.72353523094096,-1.72353523094096,-1.68347442090512,-0.0713894082916538,0.0499714638099492,"WA","D","L4","m16","WA.D",92,0.7,0.25,725.6,5.6,0.0941,26.246,0.894736842105263,0.0839792114472948,3.55883055711579,33.8803872057368,37.7416582264737,NA,1,24.1980404040404
"WA.D.L5",1.80949771322146,0.39837954650329,0.361152350552653,0.932413433307871,0.125391483093869,0.0033246449279217,0.647850309204031,0.922439498524106,0.225979952094026,-0.508096652439108,-0.485026642638467,-0.0439966020359238,-0.958354595436416,-0.958354595436416,-1.88930214288862,-0.196717032038233,-0.0505112524991228,"WA","D","L5","m16","WA.D",95,0.5125,0.75,762.2,5.8,0.0774,35.87,0.666666666666667,0.0365501938836464,1.26208573331429,30.464407785619,31.9851933717143,NA,0,24.1980404040404
"WA.D.L6",7.83801436969301,0.362871035633936,2.30423107627549,4.77175411858625,0.0362871035633936,0.0362871035633936,3.51984904564918,4.75361056680456,0.894759789564638,-0.42844135102568,0.364406721141634,0.67958724060313,-1.33453999454213,-1.55062109446869,-1.33453999454213,0.547756133137575,0.677936249955799,"WA","D","L6","m16","WA.D",103,0.45,2,762.4,6,0.11642,NA,0.95,0.0377028573518076,1.41474183888,33.665862303,35.08060414188,NA,NA,24.1980404040404
"WA.D.U1",2.49745797681849,0.29523768969415,0.25755727260404,1.86224590974004,0.0344307294268624,0.0271112918530568,1.62231403297309,1.86224590974004,0.398353814389699,-0.515382631045947,-1.13987297598681,0.271742375014338,-1.35829108593416,-1.35829108593416,-1.59615611326878,0.211396453467692,0.271742375014338,"WA","D","U1","m16","WA.D",83,0.75,1,639.6,6,0.0520600000000001,19.92,0.928571428571429,0.0934648145837895,2.4466306533,22.5661615322143,25.0127921855143,NA,0,24.1980404040404
"WA.D.U2",3.05367634074225,0.0306873977086743,0.201431897766126,2.69251676389448,0,0,1.96313004796625,2.68228763132493,0.480717712396669,-1.57322756178456,-0.769907893893834,0.429176289140923,-2,-2,-2,0.292290516416242,0.427688859351726,"WA","D","U2","m16","WA.D",89,0.6,0.5,565.2,5.4,0.0201200000000001,16.23,0.9,0.0562173077382496,1.64294679645,23.5609212085,25.24920353745,NA,1,24.1980404040404
"WA.D.U3",3.05662152834412,0.241376104488721,0.399283587851229,2.22735494058277,0.0804587014962402,0,1.71350317570699,2.22735494058277,0.46573811710039,-0.666549199983944,-0.439315733419025,0.340318581643064,-1.09958020339209,-1.09958020339209,-2,0.23240102764838,0.340318581643064,"WA","D","U3","m16","WA.D",76,0.7375,0.5,582.8,5.6,0.07264,23.4333333333333,0.947368421052632,0.107871235658456,2.37955960692632,20.4461089863158,22.9075738336,NA,1,24.1980404040404
"WA.E.L4",2.3992815231318,0.927631759645506,0.663089722589066,0.48893013331543,0.0161238310222509,0.122429907477581,0.363575694595539,0.48893013331543,0.369048253141778,-0.0287414885826432,-0.279850024689353,-0.302357843236588,-1.68709865979816,-1.68709865979816,-1.0133242249067,-0.428474767846723,-0.302357843236588,"WA","E","L4","m16","WA.E",27,0.1875,0,1309.2,10.7,0.08274,NA,0.3,0.00672775515917895,0.6972432384,98.0433566665,98.7407257481,NA,NA,20.2823737373737
"WA.E.L5",1.81218528512882,0.81268600909532,0.219529737609481,0.525013170974765,0.0654329413426054,0.160872194188046,0.328675434817011,0.525013170974765,0.244220897221553,-0.101351159780507,-0.65830157091957,-0.277628990052969,-1.21070814319159,-1.21070814319159,-0.828131383733054,-0.470490914850634,-0.277628990052969,"WA","E","L5","m16","WA.E",25,0.4,0,1220.2,10,0.14344,NA,0.75,0.00700717791603713,0.74652972764,97.0283251945,97.77485492214,1,NA,20.2823737373737
"WA.E.L6",2.97919884634975,1.59041806765031,0.524158047563625,0.584613312045424,0.121402616091441,0.128771609066007,0.343085043606317,0.566470089446225,0.443770473347237,0.144236507466434,-0.276603783922201,-0.250619391407159,-0.976252447520298,-0.976252447520298,-0.860743852808793,-0.467508900443201,-0.260827676217685,"WA","E","L6","m16","WA.E",42,0.575,0,1122.5,8.75,0.10414,NA,0.65,0.0268634246725833,2.2988163861,89.1193398385,91.4188933062,1,NA,20.2823737373737
"WA.E.U1",0.509470151042915,0.0299688324142891,0,0.479501318628626,0,0,0.179812994485735,0.479501318628626,-0.284439402119858,-1.39827853834079,-2,-0.310246133947943,-2,-2,-2,-0.721674059346701,-0.310246133947943,"WA","E","U1","m16","WA.E",45,0.225,0,683.2,7.4,0.0401400000000001,NA,0.55,0.00713600260038637,0.33478156389,43.645645144,43.98116378949,NA,0,20.2823737373737
"WA.E.U2",0.962933455117484,0.612675814124532,0.0553569793228289,0.121060001661856,0.018772292096865,0.00938614604843251,0.0622981098030204,0.121060001661856,-0.113701272044211,-0.453504983889311,-1.2663369050993,-0.89352224549906,-1.66144947320907,-1.66144947320907,-1.77051276969145,-1.14777864543561,-0.89352224549906,"WA","E","U2","m16","WA.E",17,0.15,0.25,674.4,8.6,0.03438,NA,0.45,0.0124715444217992,0.67803327393,41.859676652,42.53770992593,NA,0,20.2823737373737
"WA.E.U3",2.88603516465093,1.66188321342506,0.2336307558249,0.5145237903714,0.0976042337438242,0.00887468938587149,0.280927733548024,0.502690871190238,0.458083383740374,0.222602062443274,-0.620616781106265,-0.282466633047182,-1.02172727732207,-1.02172727732207,-1.77837336751433,-0.536235776709942,-0.293649265040634,"WA","E","U3","m16","WA.E",47,0.55,0.25,617.8,8.8,0.0491999999999999,NA,0.35,0.0158867874371537,0.6347351232,35.7513385092,36.3860736324,NA,0,20.2823737373737
"OR.C.U3",NA,NA,NA,NA,NA,NA,NA,NA,NA,NA,NA,NA,NA,NA,NA,NA,NA,NA,NA,NA,NA,NA,25,0.18,0.25,786.6,7.8,0.21084,55.216,0.4,0.00624275819741343,0.47092502974,11.456969422625,70.845,NA,NA,NA
