"Year","Region","SiteCode","TidalHeight","Transect","LongestBladeLengthMean","LongestBladeLengthSe","LongestBladeWidthMean","SheathLengthMean","SheathLengthSe","EpiphyteBladeAreaMean","EpiphyteDryMassMean","EpiphytePerAreaMean","DensityShootsMean","DensityShootsSd","DensityShootsSe","PercentSeagrassMean","PercentBareMean","PercentOtherMean","PrevalenceMean","SeverityMean","LesionAreaMean","CountBlades","Percent","CountBrokenTip","BladeAreaMean"
2019,"AK","A","L",4,232.2,23.9027195105494,2.2,16,5.7706152185014,16.8917421738,0.17908,0.0127769132520185,900,122.941720610485,30.7354301526214,1,0,0,1,0.307452347878686,6.03022457005,20,1,5,20.34997855255
2019,"AK","A","L",5,752.2,86.2834862531643,5.4,71.4,12.9946142689962,27.965931264,0.00860000000000001,0.00033433037502867,542,147.603071332092,36.900767833023,0.9825,0.0175,0,0.7,0.0210143473404218,0.50444156832,20,1,11,29.24446766394
2019,"AK","A","L",6,464.8,58.880726897687,2.4,110.4,13.4260939963937,10.6762666502,0.0044,0.000494058615894799,545,111.349300252254,27.8373250630636,0.985,0.015,0,0.8,0.246129191236944,2.39704868926,20,1,7,12.1699859871
2019,"AK","A","U",1,192.6,18.8138247041903,2.2,42,8.16700679563817,3.7112044826,0.0044,0.00093283407616048,520,149.63065639545,37.4076640988626,0.4875,0.5125,0,0.45,0.0629562773643372,0.12453443072,20,1,4,3.60980196645
2019,"AK","A","U",2,229.8,17.2261429228948,2.2,40.4,9.95791142760368,5.226,0.00199999999999998,0.000419804788468933,733,327.143189852191,81.7857974630477,0.55,0.45,0,0.4,0.0297434438287951,0.06467621376,20,1,3,5.896
2019,"AK","A","U",3,241.8,38.3658702494808,1.68,26.4,10.4383906805599,3.81527687552,0.000800000000000022,0.000216687749398656,753,77.7260145210941,19.4315036302735,0.8475,0.11,0.0275,0.4,0.10755979422707,0.24219692383,20,1,1,3.82249012703
2019,"AK","B","L",4,511,124.765780565025,4.6,56.8,18.6745816552875,23.2013561818,0.0044,0.000396445991147855,295,68.3032454084967,17.0758113521242,0.78,0.2075,0.0125,0.2,0.0258014635186824,0.08455674272,20,1,4,19.81057464885
2019,"AK","B","L",5,723.2,85.1753485463957,5.6,226,35.9207460947013,36.202,0.003,9.28905378448602e-05,240,42.8330090778907,10.7082522694727,0.6375,0.4125,0,0.05,0.0176006293564714,0.0121708352,20,1,3,30.78577441965
2019,"AK","B","L",6,713.2,114.887074991054,4.5,41,8.14861951498535,34.094,0.0052,0.000220202504226496,240,44.7809483299911,11.1952370824978,0.68,0.3175,0.0025,0.1,0.00457726716269279,0.01530522976,20,1,2,33.40202820401
2019,"AK","B","U",1,539.6,53.4907468633595,5.1,41.2,8.66256313108308,28.778,0.0034,0.000118370803736147,139,94.9596405497269,23.7399101374317,0.25,0.7,0.05,0.65,0.0292393234694195,0.5810450208,20,1,5,27.32850384865
2019,"AK","B","U",2,701.4,22.5490576299765,5.2,107,30.4072359809306,34.56,0.0036,0.000107036261232572,148,87.3307887670017,21.8326971917504,0.4875,0.5125,0,0.4,0.0159881309945926,0.22772945025,20,1,4,30.019125663
2019,"AK","B","U",3,696.2,104.508085811577,5.6,97,30.1214209492182,38.12176846328,0.0124,0.000869267864751537,227,24.738633753706,6.18465843842649,0.7225,0.275,0.0025,0.35,0.0371770991338604,0.48259878432,20,1,6,33.26353446992
2019,"AK","C","L",4,503.8,76.3959423006222,4.2,165,27.8657495861855,21.516,0.003,0.000169867398153819,185,65.6759722678951,16.4189930669738,0.9125,0.0875,0,0.48,0.0523968826491118,0.331331482624,25,1.25,10,22.450187298392
2019,"AK","C","L",5,686.2,150.521227738814,4.6,104,17.19302184027,34.3297789356,0.003,0.000117414593894723,270,20.7846096908265,5.19615242270663,0.93,0.07,0,0.45,0.0222273469858787,0.2631345357,20,1,11,25.4251383158
2019,"AK","C","L",6,615.6,50.0615621010771,4.6,203.2,11.4690888914508,27.592,0.0028,0.000107051054544817,278,19.1833260932509,4.79583152331272,0.96,0.04,0,0.3,0.0244489178723389,0.2800937046,20,1,8,32.982391395
2019,"AK","C","U",1,351,73.0869345368924,4.2,54.2,10.846197490365,11.6485431224,0.0016,0.000147744249044166,421,134.278317932072,33.5695794830181,0.65,0.35,0,0.45,0.104896626155559,1.06488515855,20,1,4,24.2799587361
2019,"AK","C","U",2,383,16.2080227048212,3.4,72.4,7.08237248385031,12.42084297108,0.00139999999999999,0.000116369140304779,396,156.392668199845,39.0981670499611,0.5625,0.3625,0.075,0.7,0.0613793261195764,0.62323395367,20,1,2,15.42738130872
2019,"AK","C","U",3,581.8,63.4234972230324,4.2,65,3.66060104354463,23.83285804,0.0038,0.000212104574703007,508,154.919333848297,38.7298334620742,0.95,0.05,0,0.45,0.0561308665591589,0.51940702143,20,1,6,27.56658065986
2019,"AK","D","L",4,418.6,57.8321709777525,4.4,105.8,12.3547561691844,18.325,0.0122,0.000419082774000073,156,52.459508194416,13.114877048604,0.35,0.53,0.12,0.7,0.171168045636225,2.71073623611,20,1,1,20.8407593746
2019,"AK","D","L",5,524.4,87.7613810283316,5,34.4,6.80147042925278,24.949,0.0015,7.43838044123036e-05,109,54.881690936049,13.7204227340122,0.47,0.395,0.135,0.55,0.0531578604942268,0.60951434815,20,1,2,22.92024688565
2019,"AK","D","L",6,579,81.5364948964573,5.4,153.8,28.4190077237049,30.993,0.0018,8.8475868948114e-05,178,20.7846096908265,5.19615242270663,0.7625,0.22,0.0175,0.75,0.00870179299752115,0.170635514,16,0.8,1,28.16739662825
2019,"AK","D","U",1,353.9,45.3123603446124,5,87.4,14.4277510374971,12.346,0.001,8.29062141669448e-05,96,25.9229627936314,6.48074069840786,0.095,0.58,0.325,0.95,0.13070377813336,1.89005340287,20,1,9,15.5335
2019,"AK","D","U",2,455,43.1288766373528,5.4,105.8,12.6388290596875,24.287,0.029,0.00150394503567393,153,75.7803844452287,18.9450961113072,0.3,0.3875,0.3125,0.95,0.145004511465447,3.38646927608,20,1,1,22.9882481515
2019,"AK","D","U",3,554,72.4368690654145,4.4,89.2,13.7854996282326,26.738,0.00459999999999999,0.000174406942764165,116,41.4407207144535,10.3601801786134,0.325,0.4375,0.2375,1,0.0897702899559291,2.17032508555,20,1,8,23.4685
2019,"AK","E","L",4,458.8,87.0352802029154,3.9,104.8,19.3891722360703,18.263030996,0.002,0.000188045928049214,308,155.743378671454,38.9358446678636,0.7125,0.0325,0.255,0.8,0.245447809397055,4.21248696192,20,1,1,18.89570854728
2019,"AK","E","L",5,359.2,34.1531843317721,3.7,66.4,7.29794491620758,13.0675346398,0.0016,0.000122631425969179,465,79.3557391329281,19.838934783232,0.6125,0.295,0.0925,0.684210526315789,0.111665007188892,1.15164505602105,19,0.95,0,12.6646635392947
2019,"AK","E","L",6,387.8,21.4415484515461,4,88.6,6.43117407632541,14.7003901564,0.0012,8.39714419122638e-05,631,87.3536871955996,21.8384217988999,0.51,0.105,0.2825,0.6,0.257169622098256,1.354649913,20,1,2,9.75721006454
2019,"AK","E","U",1,249.2,24.5222348084346,3.2,59,3.61939221417077,6.6174905664,0.02,0.00632913491312085,514,259.28105728469,64.8202643211725,0.5625,0.235,0.2025,0.45,0.124417323647977,0.38509547298,20,1,6,7.2955119213
2019,"AK","E","U",2,244.2,20.867199141236,2.5,49.8,11.1193524991341,5.5118218624,6e-04,9.56674256889987e-05,493,118.045189087343,29.5112972718359,0.425,0.425,0.15,0.75,0.132824141690674,0.708856768,20,1,2,7.4496786016
2019,"AK","E","U",3,263.8,29.2273844194105,3,60,4.94974746830583,8.158,0.001,0.000113758906604467,502,121.039938312388,30.259984578097,0.475,0.4625,0.0625,0.65,0.16883469369616,0.9349772231,20,1,3,7.6979240221
2019,"AK","F","L",4,398.2,78.5114004460499,3.5,107,19.9674735507525,14.5036421248,0.0034,0.000302921114967091,162,70.161717956922,17.5404294892305,0.725,0.275,0,0.4,0.118039469003321,0.69466435165,20,1,1,12.2449820883
2019,"AK","F","L",5,221,10.2274141404365,2.9,66.4,5.50090901579003,5.663059762,8e-04,0.000158709954486291,162,70.161717956922,17.5404294892305,0.55,0.45,0,0.6,0.256022101648312,1.2829004125,20,1,1,6.64267470592
2019,"AK","F","L",6,293.8,25.2772625100108,3.4,86,6.34822809924155,9.01113922308,0.0012,0.000137428315820473,151,35.3836120259083,8.84590300647707,0.6125,0.3875,0,0.5,0.0978112667385006,0.33519235201,20,1,0,8.40423994967
2019,"AK","F","U",1,301.6,34.0757978629995,3.7,75.8,5.09313263129874,10.10452656,8e-04,9.89651924914159e-05,251,38,9.5,0.3125,0.675,0.0125,0.4,0.189493684499066,0.9459669299,20,1,2,11.99751444815
2019,"AK","F","U",2,268.6,41.3625434421047,3.1,72.4,9.85190336940025,8.985,8e-04,0.000138031902737785,279,125.533528057912,31.3833820144781,0.4375,0.5125,0.05,0.75,0.19246735271548,1.00116715075,20,1,3,7.18726339077
2019,"AK","F","U",3,211.2,23.9820766406915,3,43.4,7.52728370662352,5.97,0.000399999999999989,6.33359559402034e-05,223,74.2159012611179,18.5539753152795,0.3375,0.645,0.0675,1,0.274783726525655,1.78439275553,20,1,2,6.795907968
2019,"BC","A","L",4,913.2,50.9307372811351,4,173.6,11.8431414751323,24.749280683,0,0,572,32.9848450049413,8.24621125123532,0.9975,0.0025,0,0.35,0.12604391947138,0.95172785185,20,1,2,28.98757406715
2019,"BC","A","L",5,844.6,98.9396785925647,3.8,189.8,22.9595296119062,20.106972234,0,0,688,218.210907151774,54.5527267879434,1,0,0,0.65,0.0471448524835086,0.8478065373,20,1,0,27.838904419
2019,"BC","A","L",6,1064.2,141.247442454722,4.4,241.8,46.3642103351281,30.48,0,0,792,92.8367743228224,23.2091935807056,1,0,0,0.3,0.146590716677779,0.90530968865,20,1,0,30.3902645645
2019,"BC","A","U",1,602,91.6771509155907,3.6,131.6,18.5757906964953,14.9321990464,0.00124,0.000115071218656483,1044,238.528824254009,59.6322060635023,1,0,0,0.3,0.145546595515832,0.52825020284,20,1,1,15.25483877069
2019,"BC","A","U",2,460.4,52.9004725876811,3.2,115.8,21.2424104093674,13.090858392,0,0,1132,578.125707206775,144.531426801694,0.96,0.03,0.01,0.25,0.146563826571296,0.4586625088,20,1,1,13.6769296983
2019,"BC","A","U",3,632,128.839434956849,3.4,116.4,8.72123844416606,14.1908210704,0,0,928,289.477690562387,72.3694226405969,1,0,0,0.9,0.138418821672573,2.97689999705,20,1,2,26.67767374221
2019,"BC","B","L",4,1244.8,116.095391812078,6.8,232,19.5831560275661,57.048,0,0,164,24,6,0.966666666666667,0.0333333333333333,0,0.3,0.0855806014932332,1.01596091775,20,1,5,66.845
2019,"BC","B","L",5,1319.2,104.805247960205,6.6,259.4,19.8685681416654,53.32,0,0,120,20.6559111797729,5.16397779494322,1,0,0,0.4,0.0732379348441179,1.778537451,20,1,5,63.3775
2019,"BC","B","L",6,1225.6,171.261963085794,7.2,262,9.1706052144883,52.742,0,0,156,81.9756061276768,20.4939015319192,0.4,0.55,0.05,0.25,0.00329623410570381,0.04933862432,20,1,6,58.26035175782
2019,"BC","B","U",1,1232.75,49.3833642704369,7.5,252,14.7738507731284,55.124,0.00645,0.000102838010204082,268,60.398675482166,15.0996688705415,1,0,0,0.35,0.0947278592286272,1.94389092135,20,1,6,63.369
2019,"BC","B","U",2,1165.8,32.9141307040001,6.8,224.2,11.7106788872379,48.596,0,0,124,8,2,0.925,0.075,0,0.15,0.0144853666267398,0.0835553904,20,1,3,44.5975
2019,"BC","B","U",3,1228.8,50.8639361434012,6.8,219,12.0332871651931,71.784,0.00227999999999998,2.93511843460348e-05,108,20.1328918273887,5.03322295684717,0.475,0.525,0,0.05,0.010581599862069,0.02454931168,20,1,9,57.512
2019,"BC","C","L",4,643,92.334175688095,5,128.2,17.333205127731,23.294,0,0,320,151.789327688082,37.9473319220206,0.9575,0,0.0425,0.5,0.170337784517567,2.47301124046,20,1,4,29.41647706816
2019,"BC","C","L",5,850.2,66.6576327212421,5.2,164.2,13.1582673631447,31.938,0,0,536,285.171293552957,71.2928233882392,0.99,0.0025,0.0075,0.4,0.146754689630917,1.4245863725,20,1,8,28.2537199538
2019,"BC","C","L",6,876,104.03893501954,6.2,184.4,10.4240107444304,36.492,0,0,200,61.9677335393187,15.4919333848297,0.895,0,0.105,0.5,0.172754071080821,3.06899025355,20,1,10,35.12349411405
2019,"BC","C","U",1,340.8,38.3723859044496,4.6,62.6,4.9457052075513,10.79,0,0,400,81.5843122174846,20.3960780543711,0.7625,0.2175,0.02,0.05,0.0419159756558991,0.01762523904,20,1,3,10.77754760144
2019,"BC","C","U",2,330,18.6654761525122,4.4,69.4,3.48711915483254,11.796,0,0,616,151.507975587646,37.8769938969114,0.9075,0.07,0.0225,0.05,0.0401892876696252,0.0205124416,20,1,5,11.8919373443
2019,"BC","C","U",3,391.4,65.6236237950938,4.4,73.2,11.3022121728447,12.032,0,0,856,153.188337241014,38.2970843102535,0.9125,0.0625,0.025,0.25,0.0871512587256748,0.23450520766,20,1,4,11.70404916601
2019,"BC","D","L",4,643.8,84.8736708290622,4.6,136,14.8357675905226,23.7,0.01024,0.000709141274238226,280,30.6376674482028,7.6594168620507,0.9875,0.0125,0,0.1,0.0256751318834731,0.0639966605,20,1,6,23.82018528845
2019,"BC","D","L",5,798.4,124.854154916847,5,142.6,20.5927171592289,34.276,0.00168000000000004,5.38461538461551e-05,448,128.664939539358,32.1662348848395,0.9875,0.0125,0,0.4,0.215045703644576,3.03922743751,20,1,9,29.40813773881
2019,"BC","D","L",6,794,73.9438976522066,5.4,157.8,17.1621676952534,31.558,0.00406,0.000129712460063898,476,124.19339757008,31.04834939252,0.85,0.1,0.05,0.1,0.00206395714545612,0.00520811072,20,1,5,27.28331690092
2019,"BC","D","U",1,457,52.3889301284155,2.4,96.6,14.1088624630053,9.322,0,0,1632,412.084133804413,103.021033451103,0.9875,0.0125,0,0.25,0.0699251383002251,0.19752079006,20,1,3,12.45099890871
2019,"BC","D","U",2,485.6,63.9222965795191,2.2,85.6,10.9845345827668,8.078,0,0,2696,1218.06841625036,304.517104062591,0.95,0,0.05,0.25,0.313622581446191,0.29100700673,20,1,1,6.79246021529
2019,"BC","D","U",3,375.4,60.0104990814107,3.4,76.5,9.99666611092585,6.724,0,0,952,374.436465460653,93.6091163651632,0.87,0.075,0.055,0.2,0.178373549631408,0.286765192,20,1,2,9.78004273315
2019,"BC","E","L",4,580.6,91.9345419306585,3.4,116.8,17.1330090760497,14.578,0,0,480,298.7618895821,74.6904723955249,0.675,0,0.3,0.45,0.308681731048912,2.1767862351,20,1,5,15.4505472234
2019,"BC","E","L",5,692.2,108.783914252062,3.2,152.4,25.1408034875578,16.568,0.00257999999999998,0.000129258517034067,724,138.487063174387,34.6217657935968,0.995,0,0.005,0.45,0.126335781879131,1.2710055335,20,1,7,19.7358781067
2019,"BC","E","L",6,458.8,24.7899173052271,3.8,93.6,6.40780773744032,13.008,0,0,480,200.266489125532,50.0666222813829,0.45,0.1375,0.4125,0.3,0.20808154842585,0.79748453822,20,1,1,12.99867359325
2019,"BC","E","U",1,187.4,27.4510473388539,1.8,39.6,5.04579032461714,2.464,0,0,3008,1740.39995403355,435.099988508389,0.8575,0.1175,0.025,0.2,0.12893231158693,0.0558564032,20,1,1,2.05643902018
2019,"BC","E","U",2,252.6,42.8562714197117,2.2,50.6,5.9464274989274,3.2491302412,0,0,3616,819.287495327495,204.821873831874,0.965,0.035,0,0.45,0.307014271534339,0.71248734435,20,1,1,3.78728142656
2019,"BC","E","U",3,232.6,19.0331290123301,2.4,46.8,5.1516987489565,3.69,0,0,2064,495.225201297349,123.806300324337,0.875,0.125,0,0.210526315789474,0.0389003680733855,0.0457151444210526,19,0.95,0,3.95615173936842
2019,"WA","A","L",4,771.8,51.8829451746911,6.4,171,13.5055544129073,38.19482064272,0.017175,0.000426802871086773,101,15.4488403016753,3.86221007541882,0.5,0,0.65,0.95,0.0799050668324516,2.9397052419,20,1,9,38.8649698419
2019,"WA","A","L",5,885.4,45.7160803219174,7.1,187.2,4.15210789840534,41.21919948308,0.00890000000000012,0.000211892310011948,97,28.7286152352203,7.18215380880508,0.7875,0,0.275,0.9,0.1442306306278,6.37741067822,20,1,6,47.52278244972
2019,"WA","A","L",6,911.6,44.2092750449496,6.4,178.6,9.13016976841066,45.15062374564,0.01522,0.000367948352653858,76,38.0876182855619,9.52190457139047,0.8,0.025,0.225,0.85,0.0576568523650608,2.53367395484,20,1,3,48.59506359184
2019,"WA","A","U",1,729,89.5901780330857,5.4,125.4,10.1862652625975,29.31885525312,0.00667999999999998,0.000254058021246693,24,19.8662192343351,4.96655480858378,0.1375,0.0875,0.8125,0.35,0.0268954997788715,0.36219650496,20,1,2,34.31688872846
2019,"WA","A","U",2,1090.4,211.514916731657,6.2,169.8,13.9441744108427,37.52865708,0.00782000000000015,0.000230822380689015,41,17.7012240631357,4.42530601578392,0.45,0.0625,0.55,0.25,0.0455888978731201,0.3947710173,20,1,3,39.1813935796
2019,"WA","A","U",3,715.8,55.3058767220989,6.8,143.8,9.05207158610668,34.1623802456,0.00948000000000003,0.00029805228424115,19,15.0996688705415,3.77491721763537,0.1125,0.25,0.7125,0.15,0.00158720369782043,0.01113532544,20,1,4,35.03721340644
2019,"WA","B","L",4,967.2,61.0036064507665,9.25,187,19.1450602854453,69.4895543684,0.1911,0.00228737388057846,37,27.9761803444764,6.9940450861191,0.3875,0,0.775,0.6,0.0688552681605015,3.19939347155,20,1,5,64.42502803805
2019,"WA","B","L",5,1006.6,147.243200182555,8.2,180.3,37.8251239257719,47.30181257572,0.17596,0.00716713980846132,73,22,5.5,0.85,0.025,0.15,0.5,0.0285474129589801,1.08368703138,20,1,9,66.05471725123
2019,"WA","B","L",6,793.2,141.732635620735,7.9,158.2,31.1245883506915,44.87441230708,0.30098,0.00662848857388137,67,26.6082693913001,6.65206734782504,0.5375,0.1125,0.375,0.55,0.0382005525446929,1.42134860671,20,1,5,58.11495605471
2019,"WA","B","U",1,824,74.8445054763541,7.9,176,20.7677634809336,48.16591670792,0.35008,0.00903138317384562,42,39.5305788809963,9.88264472024906,0.225,0,1,0.75,0.0483024240733599,1.60663204454,20,1,7,44.92176979934
2019,"WA","B","U",2,848.4,84.9291469402584,8.1,138.8,12.6388290596875,38.1237300212,0.05124,0.0013227598717053,47,11.0151410945722,2.75378527364305,0.6125,0,0.7125,0.55,0.0536257738245977,1.0666604464,20,1,8,42.451027332
2019,"WA","B","U",3,763.4,113.274268922823,7.8,174.8,28.3238415473608,49.6796306292,1.06166,0.0471552724560523,94,19.1833260932509,4.79583152331272,0.85,0,0.2875,0.45,0.062647878498136,1.72947747962,20,1,8,56.59842234852
2019,"WA","C","L",4,778.5,103.051120000383,6.875,176.5,18.3793362230522,35.65439879625,0.03555,0.00107131403424293,27,19.9666388424959,4.99165971062398,NA,NA,NA,1,0.260066608861008,9.08990980731579,19,0.95,16,34.3279915978421
2019,"WA","C","L",5,745.6,35.8156390421838,7.4,175.6,20.2746146695813,35.6291726294,0.0426999999999999,0.00125091407325964,30,8.32666399786453,2.08166599946613,NA,NA,NA,1,0.258105506848784,10.3236997221,20,1,13,39.59115971285
2019,"WA","C","L",6,998.2,107.79953617711,7.8,216.6,19.6331352564994,55.9827893234,0.06168,0.00115572352186839,41,3.82970843102535,0.957427107756338,NA,NA,NA,0.95,0.145285746884814,5.94639771849,20,1,14,41.27390172519
2019,"WA","C","U",1,614,57.5195618898475,5.4,111,13.996428115773,25.564499561,0.07504,0.00336281492505596,18,6.92820323027551,1.73205080756888,NA,NA,NA,1,0.51632556472543,14.63230482055,20,1,20,28.4819422411
2019,"WA","C","U",2,534,72.4292758489273,5.9,119.8,18.3586491877807,28.040371038,0.0759999999999999,0.00296346302586582,19,6,1.5,NA,NA,NA,1,0.354576379163681,9.91789585145,20,1,17,27.4593089386
2019,"WA","C","U",3,721.6,70.2079767547819,5.9,176.6,19.1222383627022,31.8589714812,0.03722,0.0015564606592515,29,11.9443152447793,2.98607881119482,NA,NA,NA,1,0.286366075617138,10.56960452595,20,1,12,35.05797124245
2019,"WA","D","L",4,725.6,142.407724509593,5.6,145.4,27.0603030286063,31.8016965948,0.0941,0.0036908426230378,92,33.466401061363,8.36660026534076,0.7,0.275,0.0375,0.894736842105263,0.0938591186763883,3.55883055711579,19,0.95,14,37.7416582264737
2019,"WA","D","L",5,762.2,70.1857535401594,5.8,130,23.8012604708238,36.5170811044,0.0774,0.00225876332151666,95,29.0975371237269,7.27438428093173,0.5125,0.225,0.3,0.666666666666667,0.0548252908254697,1.26208573331429,21,1.05,14,31.9851933717143
2019,"WA","D","L",6,762.4,47.4021096576935,6,154.8,11.8380741677014,27.47269955344,0.11642,0.0050005031306575,103,32.2283519073915,8.05708797684788,0.45,0.1,0.5,0.95,0.0396872182650606,1.41474183888,20,1,10,35.08060414188
2019,"WA","D","U",1,639.6,51.885065288578,6,132.6,6.38435587980495,26.90750178576,0.0520600000000001,0.00203932959170865,83,21.007935008785,5.25198375219624,0.75,0.1,0.3,0.928571428571429,0.100654415705619,2.4466306533,14,0.7,7,25.0127921855143
2019,"WA","D","U",2,565.2,42.4763463588854,5.4,106.4,19.6407739155055,19.30164512588,0.0201200000000001,0.00101315911852625,89,11.0151410945722,2.75378527364305,0.6,0.4,0.1,0.9,0.0624636752647217,1.64294679645,20,1,9,25.24920353745
2019,"WA","D","U",3,582.8,54.9266783994809,5.6,282.4,94.8428173347882,25.7389011728,0.07264,0.00314663339016409,76,21.9089023002066,5.47722557505166,0.7375,0.25,0.1,0.947368421052632,0.113864082083926,2.37955960692632,19,0.95,8,22.9075738336
2019,"WA","E","L",4,1309.2,105.307834466387,10.7,273.6,14.9485785277397,93.2191953452,0.08274,0.00090607121114759,27,29.6423121005543,7.41057802513857,0.1875,0.625,0.2125,0.3,0.0224258505305965,0.6972432384,20,1,0,98.7407257481
2019,"WA","E","L",5,1220.2,120.722574525231,10,255,7.92464510246358,88.53484762392,0.14344,0.00186887053701646,25,10.5198225587063,2.62995563967658,0.4,0.55,0.05,0.75,0.0093429038880495,0.74652972764,20,1,1,97.77485492214
2019,"WA","E","L",6,1122.5,80.5468807589717,8.75,213.75,17.4523159876657,82.97642899,0.10414,0.00131191949580368,42,10.5830052442584,2.64575131106459,0.575,0.425,0,0.65,0.0413283456501282,2.2988163861,20,1,5,91.4188933062
2019,"WA","E","U",1,683.2,62.4358871163052,7.4,146.2,21.9303442745434,41.375219884,0.0401400000000001,0.000916100103043496,45,27.0061721340388,6.7515430335097,0.225,0.2875,0.675,0.55,0.0129745501825207,0.33478156389,20,1,6,43.98116378949
2019,"WA","E","U",2,674.4,133.115964482101,8.6,124.2,16.0449368961053,45.3482694826,0.03438,0.000935771103244907,17,13.6137185711081,3.40342964277702,0.15,0.675,0.275,0.45,0.0277145431595539,0.67803327393,20,1,5,42.53770992593
2019,"WA","E","U",3,617.8,57.0564632622808,8.8,142.2,8.05232885567896,42.8960025936,0.0491999999999999,0.00118475665009559,47,15.790292376436,3.947573094109,0.55,0.45,0,0.35,0.0453908212490106,0.6347351232,20,1,1,36.3860736324
2019,"OR","A","L",4,1464.6,83.7207262271416,8.6,396.6,17.1918585382733,103.692,0.476,0.00411346454425226,94.4444444444444,77.7777777777778,19.4444444444444,0.25,0,0.035,0.0526315789473684,0.000413025953979251,0.00363336757894737,19,0.95,7,93.2747894736842
2019,"OR","A","L",5,1566.4,92.8216569556911,9,355.8,23.2064646165675,89.318,0.3214,0.003440125590867,77.7777777777777,52.899469841058,13.2248674602645,0.25,0,0.0125,0,0,0,20,1,1,83.43025
2019,"OR","A","L",6,1519.6,38.1504914778303,8.2,390.6,8.26801064343775,83.8172,0.3474,0.00424734796822612,63.8888888888889,27.7777777777778,6.94444444444445,0.25,0,0,0,0,0,20,1,3,88.74255
2019,"OR","A","U",1,898.6,94.9434568572263,8.2,238.2,7.53923072998831,41.255,0.1022,0.0024642240572849,77.7777777777778,20.2860206483395,5.07150516208487,0.245,0.19,0.195,0.157894736842105,0.0226053043370475,0.159994016652632,19,0.95,8,45.6864210526316
2019,"OR","A","U",2,673.6,62.3591212253669,7.2,175.4,5.49181208709839,39.234,0.12402,0.00320210018424643,91.6666666666666,33.1786534577202,8.29466336443004,0.25,0.0575,0.3025,0.15,0.0262839329507296,0.12854523328,20,1,7,37.2388
2019,"OR","A","U",3,636.6,65.2614740869374,7.4,193.8,22.6856783015188,36.964,0.11818,0.00352544207296691,83.3333333333333,6.41500299099584,1.60375074774896,0.2475,0.03,0.2125,0.315789473684211,0.0629327870957372,0.510356624494737,19,0.95,7,33.8137368421053
2019,"OR","B","L",4,1522.6,159.306183181947,8.6,359.8,26.7607922154782,110.374,0.36336,0.00310466641707338,75,13.981174880131,3.49529372003275,0.225,0,0.23,0,0,0,20,1,4,121.4915
2019,"OR","B","L",5,2001,96.6472969099498,8.8,462,23.6262565803387,128.52,0.37018,0.00290076166753922,94.4444444444443,43.0331482911933,10.7582870727983,0.25,0,0.0625,0,0,0,20,1,4,126.6605
2019,"OR","B","L",6,1749.4,173.293277422986,8.2,442,29.0224051380998,106.251,0.25512,0.00239389633106791,83.3333333333335,55.5555555555558,13.8888888888889,0.25,0,0.1,0,0,0,20,1,0,99.23575
2019,"OR","B","U",1,561,48.2814664234632,6,138.6,8.05357063668035,22.946,0.04482,0.0019851194733045,163.888888888889,151.63715626618,37.909289066545,0.1925,0.0675,0.2375,0.35,0.0140563014267907,0.23749578145,20,1,7,31.1705
2019,"OR","B","U",2,713.4,78.9446641642106,7.8,171,14.3282936876657,43.416,0.11958,0.00255565825455371,75,29.2217293297398,7.30543233243496,0.2225,0.0225,0.275,0.6,0.1265751073471,0.84744159202,20,1,12,26.26881415135
2019,"OR","B","U",3,443.8,87.0938574183048,5.6,104.4,17.5288333895898,28.246,0.07728,0.00259446804369528,47.2222222222221,60.433958785484,15.108489696371,0.2375,0.0375,0.2825,0.05,0.129750519010417,0.12456049825,20,1,10,26.017
2019,"OR","C","L",4,1445.6,93.7702511460858,9.6,282.6,42.5694726300432,101.668,0.44494,0.0042748425303215,58.3333333333333,36.7115325955537,9.17788314888844,0.25,0.0475,0.0025,0.15,0.0184616608402178,0.3167068848,20,1,4,103.5035
2019,"OR","C","L",5,1458.2,165.954331067315,9,366,50.0629603599308,98.89,0.3556,0.00363936675164661,52.7777777777778,27.7777777777778,6.94444444444445,0.25,0.0675,0.005,0.1,0.00765272217202962,0.08061785056,20,1,3,111.169
2019,"OR","C","L",6,1434.4,220.578466764097,9.2,383.6,47.0686732339037,128.254,0.668,0.00481223859715368,69.4444444444445,18.9758347517771,4.74395868794426,0.25,0.09,0,0,0,0,20,1,3,130.7155
2019,"OR","C","U",1,1025.4,67.2061009135331,10.6,188,48.3063142870578,70.04,0.2238,0.00317601378328298,44.4444444444444,24.0027433274365,6.00068583185914,0.2,0.0175,0.225,0.25,0.0221247515228248,0.41360614882,20,1,2,80.7045
2019,"OR","C","U",2,960.6,89.6133918563515,9.2,279.2,25.9526491904006,80.226,0.27662,0.00338523142364889,48.1481481481481,57.017793771632,14.254448442908,0.22,0.0533333333333333,0.183333333333333,0.25,0.0130499213105768,0.23017620163,20,1,3,80.0155
2019,"OR","C","U",3,786.6,65.7986322046287,7.8,229.2,29.8016778051169,55.216,0.21084,0.00380894352427393,25,31.9142369252113,7.97855923130282,0.18,0.055,0.155,0.4,0.0156068954935336,0.47092502974,20,1,5,70.845
2019,"OR","D","L",4,1447.2,235.635820706445,9.4,344.4,46.9942549680277,120.286,0.535,0.00461213624057543,61.1111111111111,19.2450089729876,4.81125224324689,0.25,0,0.2225,0.2,0.0077158933056604,0.25185269282,20,1,8,117.164
2019,"OR","D","L",5,1551,93.1434377720728,8.6,324.8,35.7706583668794,108.766,0.5488,0.00479311837652258,33.3333333333333,15.7134840263677,3.92837100659193,0.25,0,0.2425,0.35,0.00490808691209809,0.17441597857,20,1,4,108.598
2019,"OR","D","L",6,1316.6,182.223653788415,10,328.2,21.921222593642,70.824,0.2772,0.00376710717734963,61.1111111111111,44.9050209369708,11.2262552342427,0.25,0,0.245,0.15,0.00433593233460949,0.10262243296,20,1,2,109.483
2019,"OR","D","U",1,945.8,86.6345196789363,8.2,251,11.3269589917153,74.612,0.26202,0.0034208024183789,77.7777777777777,59.4902903859591,14.8725725964898,0.24,0,0.25,0.4,0.0198944881467238,0.65151541506,20,1,5,68.9275
2019,"OR","D","U",2,840.2,95.7347376870068,7.8,209.6,24.2169362224044,44.68,0.1476,0.00297291924507822,50,41.0760611348497,10.2690152837124,0.25,0,0.25,0.45,0.012928315099962,0.45239371966,20,1,8,62.964
2019,"OR","D","U",3,1033.8,114.673623819953,8.2,209,12.5059985606908,62.646,0.2656,0.00419453023365427,122.222222222222,32.710225430844,8.17755635771101,0.25,0,0.25,0.5,0.018953008178716,0.53439135102,20,1,5,54.9095
2019,"OR","E","L",4,1102,86.3353925108353,9.6,282,29.743906939069,101.268,0.36,0.00362945788045476,50,41.0760611348497,10.2690152837124,0.25,0.25,0,0.35,0.00297507889983819,0.12806972575,20,1,3,95.303
2019,"OR","E","L",5,1019,131.618387773138,8.6,255.6,27.4619737091128,77.422,0.317,0.00399820127921717,27.7777777777778,14.3443827637312,3.58609569093279,0.25,0.235,0.015,0.3,0.00177757382871835,0.04300331808,20,1,1,94.8565
2019,"OR","E","L",6,1338.2,97.8771679197963,10.2,329,16.5227116418583,92.562,0.3242,0.00343964945115832,16.6666666666667,14.3443827637312,3.58609569093279,0.25,0.225,0.0075,0,0,0,19,0.95,2,100.699473684211
2019,"OR","E","U",1,692.2,33.3712451071278,9,117.8,12.646738710039,38.822,0.1078,0.00283959420653373,75,22.9061423645425,5.72653559113563,0.25,0.0875,0.2425,0.05,0.00472576494623656,0.00703193824,20,1,3,49.262
2019,"OR","E","U",2,666.6,74.1664344565653,8.6,122,24.5254969368614,46.122,0.1616,0.00323946526117312,80.5555555555556,18.975834751777,4.74395868794425,0.2475,0.1575,0.2,0.2,0.004934662479458,0.05853596448,20,1,6,51.878
2019,"OR","E","U",3,623.8,78.0771413411121,8.6,210,10.1242283656583,56.214,0.151,0.00314257524026607,86.1111111111112,54.7158766766452,13.6789691691613,0.25,0.175,0.1825,0.15,0.00568754799734672,0.0393170112,20,1,8,52.981
2019,"BB","A","L",4,1491,86.5661596699311,7,271.8,22.5353056336052,105.822,0.0274,0.000263905781055552,456,67.2507744688986,16.8126936172247,0.9625,0.025,0.0025,0.85,0.0147528440736114,1.1310013779,20,1,0,92.2725
2019,"BB","A","L",5,1164.4,93.83528121128,7.4,234.6,15.4841854806767,84.56,0.0286,0.000344152337314595,612,183.070114072906,45.7675285182264,0.925,0.075,0.03,0.7,0.0209667140254963,1.65185379843,20,1,0,91.0135
2019,"BB","A","L",6,1641,110.377986935802,7.6,311.4,25.297430699579,102.504,0.0452,0.000465913421043794,516,107.23183606871,26.8079590171775,0.975,0.025,0.0275,0.65,0.0299173735313445,2.01514873457,20,1,0,94.1755
2019,"BB","A","U",1,747.6,78.0362736168251,6.8,148.6,17.9710878913882,48.832,0.0102,0.000213672039800805,708,177.388462608668,44.3471156521669,0.9875,0,0.15,0.777777777777778,0.0310626794912388,0.948664968188889,18,0.9,0,37.89
2019,"BB","A","U",2,450,79.0569415042095,5,73.4,10.5621967412087,17.96831856864,0.0118,0.00106904910423773,820,263.352741900795,65.8381854751987,0.9625,0.0375,0.325,0.75,0.0482759901573574,0.97069781538,20,1,0,26.09407964216
2019,"BB","A","U",3,404.6,33.0750661375,5.6,70.4,6.39218272579875,17.76,0.012,0.000689109290842282,964,230.153571918114,57.5383929795286,1,0,0.1425,0.8,0.030172664768072,0.48422126271,20,1,0,17.72794365862
2019,"BB","B","L",4,892,97.6672923756976,7.8,158.6,11.034491379307,74.036,0.01315,0.000172715504164103,397.222222222223,138.350809546087,34.5877023865217,0.9,0.1,0,0.8,0.0206187706880807,1.19375398845,20,1,0,72.1775
2019,"BB","B","L",5,1302.6,76.2434259461103,9,240,11.7260393995586,83.774,0.02189,0.000268769254155353,309.722222222222,103.575482902259,25.8938707255648,0.8575,0.1425,0,0.8,0.0180291699411724,1.17858359074,20,1,0,89.461
2019,"BB","B","L",6,840.8,87.3581135327452,7.6,125,25.0159948832742,36.9209227994,0.0123125,0.000271727684481577,233.333333333333,152.954443310402,38.2386108276006,0.775,0.225,0,0.7,0.0356346536234173,1.52059664417,20,1,0,59.89248069985
2019,"BB","B","U",1,758.8,200.314602563068,8.4,138.6,25.033177984427,41.36,0.00403,9.71795403828675e-05,262.5,110.239637961025,27.5599094902562,0.9375,0.0625,0,0.8,0.0963915105427009,3.52442758046,20,1,0,51.2779007358
2019,"BB","B","U",2,1118,75.542041275041,7.8,149.4,43.4575655093564,46.788,0.0167,0.000367837061667247,198.611111111111,151.560809618931,37.8902024047326,0.6125,0.3875,0,0.85,0.0646403017650167,3.03691911396,20,1,0,59.786
2019,"BB","B","U",3,973.2,153.497687278995,6,96.4,31.9962497802477,62.494,0.00873333333333333,0.000194531226393166,256.25,138.543552154625,34.6358880386564,0.7125,0.2875,0,0.7,0.0965888606393962,3.48896227026,20,1,0,67.593
2019,"BB","C","L",4,362,26.3495730515695,5.4,93.6,6.77938050267132,19.495,0.01014,0.00050910720580274,188,103.176224651483,25.7940561628708,0.6875,0.3125,0.725,0.85,0.031963313218625,0.38682312034,20,1,0,20.89787078815
2019,"BB","C","L",5,361,36.0804656289245,6.4,96,9.80306074652198,22.5,0.02134,0.000818151953825485,236,165.955817413351,41.4889543533376,0.525,0.475,0.65,0.5,0.0216067038415239,0.30546818815,20,1,0,23.095
2019,"BB","C","L",6,465.8,33.0656921899421,7.4,98,10.0697567001393,34.482,0.0286,0.000897045701599284,132,109.593187136184,27.398296784046,0.325,0.675,0.8,0.45,0.0346418332276675,0.558946056,20,1,0,30.075
2019,"BB","C","U",1,330.6,28.5772636898637,4.8,71.2,7.24844810976805,16.1715479552,0.0164,0.000945686440266628,240,141.308173861246,35.3270434653114,0.6,0.4,0.525,0.65,0.0405379942564167,0.30153109376,20,1,0,16.0323869888
2019,"BB","C","U",2,282.2,31.4696679359665,4.2,57.2,5.96154342431555,12.477,0.01732,0.0010885553962026,436,155.331902711581,38.8329756778952,0.7375,0.2625,0.6625,0.5,0.0601016886433994,0.29005599168,20,1,0,12.0194860813
2019,"BB","C","U",3,378.2,32.2294896019158,6.1,95.8,9.37763296360014,21.702,0.0254,0.00149404084540593,308,89.918481600466,22.4796204001165,0.8075,0.1925,0.6125,0.65,0.020018755548918,0.2092008368,20,1,0,18.34369800184
2019,"BB","D","L",4,1180.6,105.256638745497,8.8,229.6,21.9376388884492,102.262,0.04036,0.00039735529900967,228,56,14,0.625,0.375,0.115,0.95,0.0754348007616897,7.208363215,20,1,0,96.8885
2019,"BB","D","L",5,1270.2,69.4653870643503,8.8,291.2,3.74699879903904,110.662,0.10284,0.000997629522333773,180,15.3188337241014,3.82970843102535,0.5625,0.4375,0.015,0.9,0.0547070203681366,4.7140934627,20,1,0,102.2445
2019,"BB","D","L",6,1392.4,40.8235226309538,8.6,231.4,15.9674669249697,120.428,0.10738,0.000882420654512802,168,30.6376674482028,7.6594168620507,0.4,0.6,0.0075,0.9,0.0567937602903924,5.30093086679,20,1,0,93.7485
2019,"BB","D","U",1,997.6,72.471097687285,8.9,177.8,11.0516967023168,77.079,0.05266,0.000582066307924863,240,55.4256258422041,13.856406460551,0.7125,0.2875,0.0125,1,0.0668070123272013,4.49577079223,20,1,0,63.11825
2019,"BB","D","U",2,744.6,39.8178351998197,7.8,147,16.5075740192192,56.655,0.03332,0.000571015481511245,184,16,4,0.525,0.475,0.0125,0.9,0.0807805192093755,4.93944537526,20,1,0,59.02125
2019,"BB","D","U",3,884.4,114.168997543116,7.6,201.8,26.6165362134144,52.706,0.0259,0.000479033641897297,260,30.2875111776015,7.57187779440036,0.825,0.175,0.0675,0.894736842105263,0.130781789482728,7.07296312321053,19,0.95,0,61.5768421052632
2019,"BB","E","L",4,402,32.4052464888018,6.7,123,11.2205169221387,25.630222528,0.01894,0.000721435975976471,248,131.615601912033,32.9039004780082,0.7,0.3,0.0875,0.05,0.000869960809286899,0.00131146592,20,1,0,25.749555632
2019,"BB","E","L",5,419.6,21.6208232960727,7.6,114.8,5.59821400091136,30.528,0.0184,0.00061914633834181,180,42.0792902348253,10.5198225587063,0.675,0.325,0.4875,0,0,0,20,1,0,26.767
2019,"BB","E","L",6,401.6,50.3732071641264,5.6,100,10.1734949746879,21.732,0.01528,0.000719708105143539,296,120.797350964332,30.199337741083,0.7,0.3,0.1375,0.1,0.134792030617112,0.26402712353,20,1,0,25.118
2019,"BB","E","U",1,414.8,22.6658333180141,6.6,83,10.6254411673116,20.706,0.0068116884453384,0.000322614283184297,260,40,10,0.6875,0.3125,0.015,0,0,0,20,1,0,21.6655
2019,"BB","E","U",2,365.2,14.5650266048504,6.8,111.4,7.65898165554664,23.916,0.01746,0.000746092803563689,236,74.3325859454205,18.5831464863551,0.6375,0.3625,0,0.4,0.0108613860438565,0.09371003776,20,1,0,22.2965
2019,"BB","E","U",3,322,33.9514359048332,7,100,7.72657750883274,22.006,0.0184,0.000756775539269231,192,67.8822509939086,16.9705627484771,0.7375,0.2625,0.2875,0.1,0.0128503475890408,0.04608467872,20,1,0,24.80025
2019,"BB","F","L",4,607.8,86.5808292868577,7,134.2,26.8540499738866,42.426,0.01818,0.000462336864948362,252,57.5036230742609,14.3759057685652,0.8125,0.1875,0,1,0.107267815714422,4.57148345461,20,1,0,42.9805
2019,"BB","F","L",5,577.8,57.0284139705814,7.6,104.2,5.69561234635926,36.098,0.01322,0.000547593268227124,304,13.0639452948436,3.2659863237109,0.9375,0.0625,0.005,0.85,0.187633413505847,4.41192686121,20,1,0,33.1275
2019,"BB","F","L",6,560.6,35.5057741782939,6.4,118.4,6.32929695937866,34.75,0.01626,0.000426059993360591,184,30.6376674482028,7.6594168620507,0.9825,0.0175,0,0.8,0.0346052074233615,0.87703092383,20,1,0,27.158
2019,"BB","F","U",1,331.6,27.1985293720083,5.2,74.2,7.03846574190711,16.234,0.01608,0.000936230802664091,452,47.7772609791171,11.9443152447793,0.875,0.125,0,0.95,0.0389900781629719,0.5401423853,20,1,0,15.5725
2019,"BB","F","U",2,302.6,41.888661950461,5.6,73,7.66811580507233,16.8,0.01418,0.00096331599484436,476,89.918481600466,22.4796204001165,0.9625,0.0375,0,0.9,0.0346043708062419,0.51057372768,20,1,0,16.1150906963
2019,"BB","F","U",3,279.4,39.6895452228921,4.8,67.2,7.74854825112421,13.07,0.00717999999999998,0.000617777685337802,436,88,22,0.8625,0.1375,0,0.85,0.0409778512263334,0.61450492998,20,1,0,15.663
2019,"SD","A","L",4,178.8,27.1650510767052,3.6,36,3.78153408023781,NA,0.0204,0.00322727979119054,164,35.4776925217335,8.86942313043338,0.55,0.45,0,0.4375,0.185921218801447,0.5400426096125,16,0.8,0,6.3211129247875
2019,"SD","A","L",5,165.8,6.50691939399898,3.2,35.8,2.51793566240283,NA,0.0260200000000001,0.00650000768222159,156,64.4980619863884,16.1245154965971,0.5625,0.4375,0,0.4375,0.0793830174717493,0.1641399824,16,0.8,0,4.003072191925
2019,"SD","A","L",6,203.4,13.6036759737947,3,44.2,4.54312667664022,NA,0.02308,0.00412000348101281,108,42.0792902348253,10.5198225587063,0.6375,0.3625,0,0.375,0.099553740769395,0.2778258304,16,0.8,0,5.6019370144625
2019,"SD","A","U",1,185.8,25.0267856505785,3.6,31.6,6.4,NA,0.02626,0.00624036269369812,28,37.8065250100209,9.45163125250522,0.05,0.95,0,0.4375,0.107866003542519,0.1514073472,16,0.8,0,4.208088742425
2019,"SD","A","U",2,190.8,22.1345883178341,4,43.4,6.36867333123626,NA,0.01738,0.00414860001487118,140,108.024688536155,27.0061721340388,0.525,0.475,0,0.5625,0.139193346532907,0.3277226591875,16,0.8,0,4.189365072
2019,"SD","A","U",3,162,13.9678201592088,3.4,31.8,2.67207784317748,NA,0.01512,0.00298173438266172,156,35.4776925217335,8.86942313043338,0.4,0.6,0,0.5625,0.191176762119124,0.4383747872125,16,0.8,0,5.070874216
2019,"SD","B","L",4,420,25.8843582110896,3.4,92.4,11.6558997936667,NA,0.04658,0.00539652701389948,92,32.9848450049413,8.24621125123532,0.4125,0.5875,0,1,0.398820135597187,3.60218968955,16,0.8,0,8.6314772223
2019,"SD","B","L",5,231.8,34.4781089968693,2.4,56.8,2.22261107708929,NA,0.0261600000000001,0.0059429843667277,88,64.6632301492381,16.1658075373095,0.275,0.725,0,0.75,0.424798170789799,1.364203209575,16,0.8,0,4.401828843175
2019,"SD","B","L",6,324,43.6680661353351,2.6,64.4,5.60892146495206,NA,0.03122,0.00478811977031238,196,51.2249938994628,12.8062484748657,0.7,0.3,0,0.6875,0.390759764291203,2.0684127680125,16,0.8,0,6.5203047328875
2019,"SD","B","U",1,226.2,29.0265395801842,2.6,37.6,5.24022900262956,NA,0.00933999999999999,0.00204719425187639,200,33.3066559914581,8.32666399786453,0.975,0.025,0,0.5625,0.282113746544139,0.79194474085,16,0.8,0,4.5623418449125
2019,"SD","B","U",2,231.6,19.5591410854362,3,65.4,27.1396389069567,NA,0.01562,0.00332750519963256,192,50.5964425626941,12.6491106406735,0.6,0.525,0,0.3125,0.271691061502858,0.336990112,16,0.8,0,4.69420754075
2019,"SD","B","U",3,216.4,27.9259735730019,2.4,50.8,11.9891617722008,NA,0.0167,0.00395506817769639,188,76.594168620507,19.1485421551268,1,0,0,0.4375,0.191984921390791,0.539732496,16,0.8,0,4.2224303728
2019,"SD","C","L",4,446.8,47.4925257277395,3.4,105.8,9.47839648885823,NA,0.0199600000000001,0.00145482659868175,128,34.5639503915086,8.64098759787715,0.8,0.2,0,0.5625,0.0460317916927023,0.424001696,16,0.8,0,13.7198481372875
2019,"SD","C","L",5,614.8,73.1501196171271,3.6,140.6,27.6958480642857,NA,0.02132,0.00183984336441239,104,48,12,0.775,0.225,0,0.5625,0.0982143414913569,0.777023332825,16,0.8,0,11.587942980575
2019,"SD","C","L",6,474,27.0037034497122,3.6,80.2,11.9138574777441,NA,0.02688,0.00203790213182202,96,58.4237394672177,14.6059348668044,0.7125,0.2875,0,0.5625,0.0568288110321572,0.3484957759875,16,0.8,0,13.1900347814875
2019,"SD","C","U",1,272.6,31.2003205111742,3.4,55.8,5.34228415567723,NA,0.0213399999999999,0.00248609386538953,172,44.0605643782888,11.0151410945722,0.925,0.075,0,0.5625,0.104694891633266,0.5608741536125,16,0.8,0,8.5837466948
2019,"SD","C","U",2,511.6,73.1085494316499,3.4,117.8,11.1462998344742,NA,0.02058,0.00165572859822555,128,29.2118697336089,7.30296743340222,0.9,0.1,0,0.8125,0.113697470127424,1.0925616736125,16,0.8,0,12.4295733141625
2019,"SD","C","U",3,418.8,54.8301012218653,3.8,91.4,7.7756028705175,NA,0.0223000000000001,0.0020500187794179,116,40,10,0.725,0.275,0,0.5,0.0803115992452492,0.4739974016375,16,0.8,0,10.87794913095
2019,"SD","D","L",4,281.2,19.9459269025032,3.6,86.4,20.2573443471744,NA,0.03694,0.0053075761606086,68,58.9689183666559,14.742229591664,0.3375,0.6625,0,0.333333333333333,0.0317311171566185,0.08479674368,15,0.75,0,6.95986244609333
2019,"SD","D","L",5,387.2,37.1408131305711,3.4,97.8,33.5252143915591,NA,0.02958,0.00399451074544025,184,64.6632301492381,16.1658075373095,0.9375,0.0625,0,0.5,0.0753538552704343,0.271272995225,16,0.8,0,7.4051622051
2019,"SD","D","L",6,502,29.8429221089356,3,174.4,52.6104552346774,NA,0.02782,0.00356147487128185,252,15.3188337241014,3.82970843102535,0.95,0.05,0,0.1875,0.113250117676136,0.147366881625,16,0.8,0,7.8113705713125
2019,"SD","D","U",1,280,41.5547831181923,3.2,63.2,11.0562199688682,NA,0.041925,0.0062466769883686,144,67.8822509939086,16.9705627484771,0.9625,0.0375,0,0.1875,0.0145536425685556,0.022449528,16,0.8,0,6.7115684191875
2019,"SD","D","U",2,203.4,18.6241778342025,2.8,66.2,17.4568038311714,NA,0.0349200000000001,0.00703143907088118,216,20.6559111797729,5.16397779494322,1,0,0,0.266666666666667,0.127943251839152,0.224096776493333,15,0.75,0,4.96626645669333
2019,"SD","D","U",3,227.2,34.5027535133067,2.6,66.8,26.4903756107761,NA,0.033825,0.00772298393217313,196,27.3252020425589,6.83130051063973,0.975,0.025,0,0.375,0.148556436185848,0.158000631975,16,0.8,0,4.3797838111625
2019,"SD","E","L",4,228.6,45.9440964651608,2.6,37.2,10.7861021689951,NA,0.04512,0.0102048664649331,136,54.6504040851179,13.6626010212795,0.4,0.6,0,0.75,0.131389078312233,0.4330848784,16,0.8,0,4.4214199328375
2019,"SD","E","L",5,165.8,13.4402380931292,2.8,29.4,2.87402157263998,NA,0.02234,0.00630338668023189,228,45.9565011723042,11.4891252930761,0.975,0.025,0,0.375,0.139513677189745,0.1725939488,16,0.8,0,3.5441265359875
2019,"SD","E","L",6,340,24.3289950470627,3.6,55.8,7.36478105580879,NA,0.03162,0.00420775044371535,188,24,6,0.75,0.25,0,0.4375,0.163756120595384,0.4666490576125,16,0.8,0,7.514704216175
2019,"SD","E","U",1,126.8,5.67802782663136,2.4,24.6,0.244948974278318,NA,0.04276,0.0151663714025819,356,85.0411665018772,21.2602916254693,0.8875,0.1125,0,0.375,0.159133944403848,0.195376062375,16,0.8,0,2.819395547225
2019,"SD","E","U",2,119,10.6817601545813,2.6,27,7.01427116670007,NA,0.0348799999999999,0.0142910499324822,188,64.4980619863884,16.1245154965971,0.6,0.4,0,0.375,0.125430531926359,0.1059734576,16,0.8,0,2.4406884144125
2019,"SD","E","U",3,171.4,15.1578362571971,2.6,27.6,2.9086079144498,NA,0.01894,0.00769270520117962,168,67.2507744688986,16.8126936172247,0.9,0.1,0,0.375,0.273641724181718,0.3383159599875,16,0.8,0,2.46207276955
